-0.704719920948926,0.247215411345131,1
0.0864051026294623,0.442503481813822,-1
-0.0840082919229573,0.7073600412944,1
0.165136999725736,0.516946358133064,-1
0.039073770001685,0.835714004614889,-1
-0.764025092120772,-0.0545349372391054,-1
-0.230156221458795,-0.171590907664146,-1
-0.173526202348512,0.0340157584498877,1
0.544800985954744,-0.32399776692503,1
0.000569528367273531,-0.159936720051892,1
-0.263949452295249,0.204969442401598,1
-0.407322671173329,-0.97984444218927,-1
0.552749234840966,-0.114779792229157,1
-0.351887962843875,0.192855410206736,1
-0.214378894138368,-0.693193228181631,-1
0.318943479140867,-0.689826712617461,1
-0.364384307264479,0.587780455643043,1
-0.406105943665232,-0.735609511643542,-1
-0.97511458896266,0.623912216840061,1
0.013820882646282,-0.00273566877552567,1
-0.989355977644027,0.532613433052511,1
-0.172365299572781,-0.179074542244552,-1
0.45057284405326,-0.389983168217243,1
0.842515256062541,0.31240953989375,-1
0.901177435379544,-0.000699483121691213,1
0.163656064570706,0.592170115501823,-1
0.45944886260189,-0.824871707083816,1
-0.0544053432586807,0.173395857487222,1
0.721787375194658,0.134321369497181,-1
0.0424129553345851,-0.028212903337277,1
-0.360827188308469,0.0211212450259994,1
0.110112814353074,0.186423218230532,-1
-0.00930152527748629,-0.460845901677843,-1
0.243781121664657,0.439944310961633,-1
-0.883041897924191,-0.672622854396612,-1
-0.0807461365901122,-0.476211627122191,-1
0.160580343571922,0.842711495728028,-1
0.637887810561282,-0.667187224206189,1
-0.227027650813279,0.29320635147079,1
-0.500970848488411,0.770910442331459,1
-0.838312673168799,-0.652267886602083,-1
0.235815263783136,-0.475553317265449,1
0.221841198859229,-0.516379606649214,1
0.792392659061286,-0.843261434163703,1
-0.829747424432587,-0.296062217627132,-1
0.943984253702358,0.956002238867805,-1
-0.134815956372683,-0.213080193661974,-1
-0.656433455703444,-0.60000140424425,-1
-0.216303534507127,-0.75898906455529,-1
0.155140004346582,-0.681152093191557,1
0.783297202300569,0.281441447362076,-1
-0.547354418301322,-0.382813884591859,-1
-0.0129723556109033,-0.597397586916618,-1
-0.862581272079632,0.723144394806868,1
-0.765475598634436,0.383221182569507,1
-0.98432813495857,0.156635877809481,1
-0.859015084457615,0.482769466695617,1
-0.376458233009605,-0.920806908353777,-1
0.27457063333211,-0.519436975600008,1
0.589416053130274,-0.711023136916141,1
0.821144311090399,-0.144032408046062,1
0.692798633602256,0.119821880216656,-1
-0.286424204552344,0.117661444481371,1
0.746675936455948,-0.66215967858135,1
0.947475811519222,-0.733284738673647,1
-0.782366841974668,0.490989439709979,1
-0.106066054043835,0.308505511497606,1
0.187976167830031,-0.496045372550288,1
-0.0134501377352611,-0.12878689800857,-1
-0.83482929379802,-0.568488634823017,-1
-0.494839833217468,0.319163431088337,1
-0.102006636298841,-0.197248091574894,-1
0.828149442393788,-0.650245783223774,1
-0.0804899217974885,-0.606578974504457,-1
0.951842665698401,0.446587043812042,-1
-0.295731507245447,-0.389958249923046,-1
0.0501774851107451,0.390782342744521,-1
-0.441282611736103,0.42105860513327,1
-0.610470502520972,-0.154081918226904,-1
-0.428971874059213,-0.412980282570248,-1
-0.989209863273864,0.712450786854869,1
0.195821701796492,-0.569893374046256,1
0.0585325170893161,-0.565444707028056,1
0.041810847971766,0.704741966219727,-1
-0.173178350372029,-0.897204337828664,-1
0.459738326083016,-0.612628373942652,1
-0.754729649392325,-0.377192684412857,-1
-0.786106421972955,-0.782985380567535,-1
-0.348898920438592,0.522569948445559,1
0.0795882847112301,0.312995083797732,-1
0.693849210090427,0.707350293996401,-1
0.154044992634769,-0.775307954794796,1
-0.477058583754594,0.654140778892996,1
0.0284269182072379,-0.762055144573986,1
0.622177270536348,0.893277379948443,-1
0.383630209800529,-0.961517726778464,1
-0.4639624489753,-0.589117274283285,-1
0.740695530688489,-0.274648171289858,1
-0.13400992615979,0.739715656788126,1
0.486771398026794,0.488169181661914,-1
-0.214646161092533,-0.793955119623585,-1
-0.860855112503847,-0.805410589901755,-1
0.575780291262327,0.357872908798334,-1
0.981475527991746,0.0529337969522901,-1
0.487427204474485,-0.51806729238787,1
-0.807803288497173,0.146838178663908,1
-0.647977332716714,-0.2138385975261,-1
-0.0434904559209727,0.00727082015974956,1
0.881984810987363,0.029837526451187,-1
0.0790441494771903,0.421428074927452,-1
-0.61306465129597,-0.32830830795804,-1
-0.914036335290891,0.269266719517585,1
-0.584782477682751,-0.874024558737232,-1
0.685795529637333,-0.701006198433836,1
0.947639160301514,-0.903764676627137,1
-0.486857958275206,0.169426675860657,1
-0.669620780327843,0.403747190260243,1
0.612926973698615,-0.135348914059991,1
0.375088221326735,-0.854942794963682,1
0.783677756251016,-0.220430357332878,1
0.261723679014946,0.567436715092005,-1
-0.167212468671734,-0.661895600717757,-1
-0.662698198365736,-0.201627559575254,-1
0.0999948220914986,-0.661565536440382,1
0.603540421137641,-0.628349598046132,1
-0.0707019083162309,-0.539858003448854,-1
-0.379316706284062,0.699052849060189,1
-0.323915122985802,0.112546894528605,1
-0.30254008360272,-0.0278623237543275,-1
-0.690666650066852,0.32313814505787,1
-0.994193013883817,0.658834132782932,1
0.681545599999576,0.704893085277814,-1
0.755543447433267,-0.643584514854728,1
0.0517875367205471,0.395933221404023,-1
-0.0189790668188351,0.919194765834038,1
0.336740429569158,-0.76928186356036,1
-0.961630834410868,0.0274027535501322,1
-0.308347072115851,-0.899938015601512,-1
-0.131917381498699,0.223009682807563,1
0.496823462687158,0.830420820817365,-1
0.674877296272768,-0.87832636245805,1
0.294152999781519,0.239952482088396,-1
-0.884509544540388,0.332843931258733,1
-0.861669321612978,-0.356567594245435,-1
-0.734852602527157,-0.643713623954314,-1
-0.628412453920395,0.311296046835006,1
0.761386359705453,0.634082680042333,-1
-0.377950054412574,-0.752727143252779,-1
-0.0226026856062585,0.982858578338594,1
-0.908808143372864,-0.145144870111185,-1
-0.810934908494844,-0.390524429597367,-1
-0.0669483016226474,0.881734272785497,1
0.298277150581537,0.921206710519915,-1
-0.667365954842269,0.275524367313093,1
0.423992523425606,0.584211586916633,-1
-0.0105397264120074,-0.979403748731305,-1
-0.810552190436741,-0.320345335242151,-1
0.412743327494429,0.677717486776348,-1
0.670778740357456,-0.0628985486974417,1
0.591036272203457,-0.0992109460470284,1
-0.433493171867588,0.421111840542883,1
0.221689985350899,0.457350555783545,-1
-0.0853170487127065,0.264762793242173,1
0.940059752165496,-0.617124490408084,1
0.555108992452894,0.506134565787795,-1
0.840763663335887,-0.0363546501054276,1
0.609632271739034,-0.48351961063913,1
-0.377473328638481,-0.408349183170622,-1
0.224309432460881,0.780092646242546,-1
0.830648269403515,0.453662170085486,-1
-0.149477697242426,0.754187975108788,1
0.533685763237384,-0.39584860197927,1
-0.417623482344275,-0.842918944749281,-1
0.844880118790138,0.143200560544667,-1
0.225704489435451,-0.981501277484801,1
0.789779808917221,0.759802445462809,-1
0.892647760929189,0.121900790216689,-1
-0.648148068001439,-0.186149373375856,-1
-0.781108144555871,0.11415482103604,1
-0.655122737488389,-0.369299276155357,-1
-0.605964179324254,0.872813103938557,1
-0.0747236925096834,0.624095672748971,1
0.627230648021394,0.461687284441279,-1
-0.432696063096592,0.952788331693876,1
0.184214484552485,-0.900647732668499,1
0.479919054833991,-0.624972264447244,1
0.358835097988488,0.296286633765371,-1
-0.256180385147919,-0.595837047760241,-1
0.269561348756683,-0.0569984152059658,1
0.749179931817293,0.643957660098499,-1
-0.66276448143241,-0.658469150233788,-1
0.134489763880346,-0.569867891766647,1
0.146570302323184,0.265666184619151,-1
-0.0950563364355394,0.298075858583963,1
0.242422477222179,-0.155884107053377,1
-0.150935445560997,-0.854595412896551,-1
-0.0861403785185236,0.240807472681355,1
-0.12068292128876,-0.916265608821228,-1
0.0569154197714281,0.460135737851247,-1
-0.962152089132638,0.656979567545219,1
0.202813940170868,-0.566967395675645,1
-0.457430408052667,0.830923635082828,1
0.443479063112971,-0.903878722309496,1
0.422213309184489,-0.654034116296818,1
-0.935778288569831,-0.50427760417814,-1
0.769565626797039,0.8263574633917,-1
0.625899344496204,0.0150153971209708,-1
0.155313486232668,0.105681103341643,-1
-0.0337749543516289,-0.700864717007616,-1
0.13396118654812,0.535697026515112,-1
-0.138533053014325,0.329401857894716,1
0.289033405541782,-0.378104666878213,1
-0.833728642073195,-0.665340579571377,-1
-0.129564279704463,-0.261188271429726,-1
-0.0908474697327021,-0.961690944896003,-1
-0.58142875620084,-0.75618731374424,-1
-0.151416805573404,-0.106344012196904,-1
-0.265844473597466,0.607246671821297,1
-0.711971893911901,0.362512314958414,1
0.066352237207705,-0.754905750333188,1
-0.812913167947357,-0.971219909011514,-1
0.997794456450637,-0.0145508925906285,1
-0.556340828045464,-0.0951954271475307,-1
-0.835342599305126,-0.389385622405384,-1
0.695134963429132,0.300467153601517,-1
-0.969131617332321,-0.218441447523396,-1
0.598874248685985,0.840391904268328,-1
-0.871366708092112,0.393973385746627,1
0.476665221068596,-0.739635131306413,1
0.398801633305061,0.506325747813782,-1
-0.782482064327924,0.935588020125191,1
0.0703255329351078,0.701811892029415,-1
0.585000083803139,0.135155708397929,-1
-0.474773237272744,-0.898034034559568,-1
0.2160569549796,-0.193766313656975,1
-0.334289846972802,0.29924779336763,1
0.934377318270677,-0.381485765677502,1
-0.293826013405736,-0.18572766733877,-1
0.788305098931001,0.267554667285536,-1
0.0628241199903943,0.0818527286389297,-1
-0.303023816972139,-0.129714311850426,-1
-0.275371235803977,0.215542554945208,1
0.543638554648054,0.345947871772206,-1
0.473577708009955,0.866210667698725,-1
-0.760185347368464,0.846742957666517,1
-0.573704789510878,-0.466386499959422,-1
0.965084294997742,-0.455756907995937,1
-0.977649153202475,0.12024182194318,1
-0.688328150241466,0.0269164080810518,1
0.926504255398025,-0.0812570343661648,1
-0.391202234437413,0.282178812132882,1
0.698061072350349,0.357432386836093,-1
0.716464798672654,-0.553980890256917,1
0.653824898267288,-0.492656169142515,1
-0.920041143010833,-0.103893000200762,-1
-0.978144673585859,-0.204979231708931,-1
0.992152487894452,-0.752886363718048,1
-0.323236025025722,0.309399157061259,1
0.224074887879377,-0.259661837123837,1
-0.564003806808452,0.126867744458237,1
-0.757508703884498,0.360894985184681,1
0.771005332682408,0.800084261142921,-1
-0.36803828001978,-0.430520403905514,-1
-0.336780934808475,-0.395566452789309,-1
-0.994823745222528,-0.409066687187169,-1
0.709167345913564,-0.965622031784305,1
0.118152145710643,0.81899064313627,-1
0.357083537049117,0.520499793672142,-1
0.0242914935964904,-0.904418711900591,1
-0.830558974034071,0.221303852600627,1
-0.403444271654343,-0.626535922613553,-1
-0.755802262127749,0.548108942243233,1
0.602179953352684,-0.274640087473671,1
0.350151180754853,-0.663627250739728,1
0.963823890724178,0.790114082703626,-1
0.635647962982911,-0.374022096688707,1
-0.479754427305382,0.621490953704354,1
-0.7481998921933,-0.140700883183574,-1
0.361289990210396,-0.69209073998569,1
-0.760489136365667,0.569526280122918,1
-0.289429137444495,-0.711265498788551,-1
0.0575241375273703,-0.121232586568055,1
0.830082523214863,0.782453114849669,-1
0.752766462062981,0.832763879611921,-1
-0.424143656640578,-0.376588603224742,-1
-0.226219284835767,-0.793043519707641,-1
0.511818199813914,0.289276350317235,-1
-0.272509248957193,-0.0717535801227808,-1
-0.38311841110869,0.310913294959203,1
-0.34037379407045,0.677534269966847,1
-0.541419380215413,0.634659672101701,1
0.95737373518248,-0.141572623955546,1
-0.0692564502604042,-0.881481255747038,-1
0.696775060904599,-0.0751347748496055,1
-0.910787143950896,-0.865685485158983,-1
-0.563134190145035,-0.331722535740554,-1
0.355326700799832,0.597437322305103,-1
-0.183849519065269,-0.915953902321936,-1
-0.486739291821763,0.250413538340823,1
-0.446743247888621,0.465739807727375,1
-0.455269607334285,0.38547712479325,1
0.633024656140635,0.666666442722798,-1
-0.89159191863172,-0.51598413042789,-1
0.54032349401321,-0.706020237637341,1
0.485418264028744,-0.907882073478291,1
-0.964868716964337,-0.1036750889246,-1
-0.920406896631652,-0.0340686598179406,-1
-0.707460668911975,-0.784880959877522,-1
0.131054436526102,0.0547780267000044,-1
0.76453698519058,-0.321345264096399,1
-0.299631066148714,-0.394781883910858,-1
0.99555285298802,-0.463110695599097,1
-0.157112712459601,0.058221547967773,1
-0.21647180402637,-0.767098992249456,-1
0.607277833352498,0.17672898054038,-1
-0.926169866879211,0.247388653960948,1
0.753195466294749,-0.288133022304067,1
0.493037639140342,-0.592790085074982,1
-0.699331216099251,-0.23379007297076,-1
-0.629538760324901,0.243336411049875,1
-0.283533367871221,0.28059912395603,1
0.925129337923931,0.456140434014427,-1
0.637189697164998,-0.690188307849154,1
-0.919789477918799,-0.605626806831012,-1
-0.0459788724188334,-0.0339366661202115,-1
0.0227792589544438,-0.726908586163626,1
-0.842811513775464,-0.776718864859181,-1
0.903242680391509,0.599885591144747,-1
0.25215755347681,0.560544309339748,-1
-0.978960034692165,0.973530598451446,1
-0.0730875462084851,-0.426262530590413,-1
0.200570205875712,0.562859379240333,-1
-0.331372153191341,-0.609850955840282,-1
-0.964143270030367,0.286410938508555,1
-0.613141535026767,0.446611803012307,1
-0.460756723136291,0.822992819333044,1
-0.89953145427294,-0.0230540133520619,-1
0.737341671430089,-0.475049979464167,1
-0.0792710340878097,0.382876807870675,1
0.435632406708296,-0.691516009237443,1
-0.948124912675674,0.217171186642673,1
0.0860830303059947,-0.678521704636628,1
0.270059388011429,-0.00229575363092349,1
-0.279636631735888,-0.361621570159292,-1
0.672853209714491,-0.611792740713561,1
-0.800711944435856,0.85765205979011,1
-0.621530212574488,-0.00141276657953593,-1
0.294641565097232,-0.597859363434365,1
0.70490916279049,0.767501999102166,-1
-0.496146086333041,0.823006383297727,1
-0.223257960105956,-0.351555829646881,-1
-0.660795289315188,0.754278490893704,1
0.892025552146526,-0.124315745751151,1
0.635047732693007,-0.0905523737644981,1
-0.12995618749591,-0.650643699902424,-1
-0.42774767759606,-0.521088188837712,-1
0.717060534913818,-0.763233440967267,1
0.567677142626573,-0.0665383158325427,1
0.24306914014952,0.0897455077201734,-1
0.819469237404566,-0.276615474366891,1
-0.991032792233344,0.597135444306475,1
0.755946542590821,-0.845158472266954,1
-0.777546933818896,-0.557987426432469,-1
-0.0859405757894239,-0.5693244851848,-1
0.142065435204924,0.798916769657594,-1
0.0594171291580576,0.486043447908375,-1
0.864634511411033,-0.515333880210876,1
0.323635872252561,0.524607327709807,-1
0.85012210146035,-0.805865415610954,1
-0.524601671444196,-0.156875795250127,-1
-0.72332993948544,0.422362328468813,1
-0.0599407131381492,0.0550664617788548,1
-0.378259404968566,0.511943954613268,1
0.433286059654626,-0.0724957626490851,1
-0.559821954677553,-0.562126434341826,-1
0.274390060553826,-0.692757771775683,1
0.542380353230122,0.864250119210848,-1
0.34967244525767,0.848136416832059,-1
-0.654350342029273,0.108818786555392,1
0.0632625878656259,0.511543700928869,-1
0.734523335763513,-0.804701798158952,1
0.777390940253898,-0.626645993552401,1
0.130779582059533,0.712618644896237,-1
0.959961195356889,-0.740585091383046,1
0.563267667946771,0.0632558034250472,-1
0.839991393109452,-0.0649279265974859,1
-0.031753716300983,-0.0688724889097508,-1
-0.557597971736285,-0.238938159052605,-1
0.94245752784616,-0.797603775512637,1
0.645397391099174,-0.839824466670807,1
0.772769069819608,-0.533845240712184,1
0.936771897315145,-0.564277430661373,1
-0.079712521100786,0.49724903863449,1
-0.614083463005291,-0.234274615810108,-1
0.325159719258925,0.119497919760794,-1
-0.0282588077678055,-0.196942937977627,-1
-0.750448143996084,-0.503243423831964,-1
-0.0474199598615893,-0.0669359711547891,-1
-0.672525937054205,-0.284544652581069,-1
0.494991563870652,0.913561467772507,-1
0.865110893639266,0.839742917764502,-1
0.389721397971898,0.932727144385979,-1
0.353052607941368,0.88813420964073,-1
0.303446718547165,-0.547855286443803,1
0.0474057689334482,0.697714082236352,-1
-0.901883509664845,-0.430767012543134,-1
-0.946869133081078,0.930764111804709,1
-0.058927384849902,0.491381628556487,1
-0.657423650126893,0.292451583868468,1
-0.390905315435004,0.911892157663152,1
-0.7939862177932,0.438920813009891,1
-0.635991948021193,-0.563001997390378,-1
0.844389651287322,-0.480575449527728,1
0.998842494264632,-0.162903670485799,1
-0.510191724427538,0.880664590331733,1
-0.925604331859632,0.868915709897505,1
0.132602748297528,-0.151539643184497,1
-0.192892923489913,0.998029388194423,1
0.756960655624706,-0.679129027545112,1
-0.840924908877796,-0.400294221475295,-1
0.898259449479599,-0.602564741843077,1
-0.126234742221364,0.965879927782763,1
-0.935938068467146,0.407164276093217,1
0.408640728913586,0.489889284188925,-1
0.179756594665444,-0.108600518718362,1
-0.53552976705659,0.144594665055679,1
0.210169689146472,-0.454826195516215,1
-0.380446350697188,-0.91796572911513,-1
-0.79423986935878,0.348296235003242,1
-0.607941787680392,-0.555635378987435,-1
-0.0412677812320411,-0.795505633072968,-1
0.106048092743925,0.1112817310474,-1
0.83816948241044,0.963562794192011,-1
0.736232764407905,0.986385927598841,-1
-0.610754772062793,0.477388526060094,1
0.719435400167178,-0.11280990067483,1
-0.461290238005045,-0.738859587326201,-1
0.828943338310037,-0.197975202818579,1
-0.0775672773420645,0.796313678007661,1
0.778068397131309,-0.823508002327445,1
0.981714534673223,0.389715656038588,-1
0.349219599944244,-0.295950932453417,1
0.899904981067702,0.63931846678334,-1
0.925037356783542,0.58445133112458,-1
-0.73150082428439,-0.616597315396321,-1
-0.0364825655404487,-0.0653116452132355,-1
-0.956780685155846,0.0848696667036362,1
-0.72928757656773,-0.0403896359009607,-1
0.77014083250998,0.859093913609752,-1
-0.0354425194689133,0.205506233823974,1
-0.281235466494852,0.953646237749303,1
0.110967874569346,-0.00780634929288116,1
0.549852756492311,0.163992152371149,-1
0.387304030730073,-0.998792943286041,1
-0.375364687770382,0.882528981928876,1
0.329229819445867,-0.646762476296344,1
-0.914591687130982,0.267455635035323,1
0.722434538480438,-0.721124757316634,1
0.256762026954817,-0.166678823320495,1
-0.231800819281095,-0.58200141437932,-1
0.693675146710999,0.595957638072692,-1
0.43007009720122,-0.348156380864639,1
0.415705952273353,0.282482535432151,-1
0.912626285892575,-0.937548909332503,1
0.296862154963009,-0.0205110312529174,1
0.112699418605941,0.037780378990637,-1
0.114594061675506,0.437349736397669,-1
-0.281360232447907,0.0836504137693022,1
-0.720571477613641,0.0513487603739047,1
-0.196353243158984,0.978652177245678,1
0.052232647117582,0.986408344690866,-1
-0.137048235044806,0.0137456299707812,1
-0.0134478077371173,0.103990364362752,1
-0.798528101377897,-0.468977155678874,-1
-0.30568135150066,0.322720061195469,1
-0.569097736999675,-0.802911551679176,-1
0.119085363076394,0.19204277509008,-1
-0.0918246226706448,0.521611001906925,1
0.289189376971608,0.929270032318491,-1
-0.294941559247431,0.31860578271074,1
-0.53639711697147,-0.144845560990102,-1
0.813895761464477,-0.607648664201856,1
0.260683370342813,0.59643142968055,-1
0.807181141974947,0.142703876983837,-1
0.666266291772074,-0.150359814290775,1
0.159385362422228,0.140135618307029,-1
-0.33072636812175,-0.800203744595915,-1
0.634164937319604,-0.789761417964527,1
-0.827349159932961,-0.486143970310479,-1
-0.749771779328619,0.240174210983085,1
-0.353356872355963,-0.0284474692038,-1
0.33417081886906,-0.406849496000787,1
0.859871890780031,-0.497342315240654,1
-0.88366863669704,-0.778872210131496,-1
-0.359514302406566,0.450845598679325,1
0.804964189819306,-0.0791070239814839,1
-0.996885181333681,-0.840368462981717,-1
0.159434284163742,0.70023229353262,-1
0.945472248374421,-0.185420890343568,1
-0.470525202872701,-0.281368816656684,-1
0.0687276290309782,0.304652406124105,-1
-0.622797249645583,-0.445101919137295,-1
0.398800990684382,0.938869278213383,-1
0.402111362189184,-0.127384612445095,1
-0.137812685520385,-0.740600226411504,-1
0.542914291969423,0.131032245534578,-1
0.911618446671677,0.107429667042586,-1
-0.142969453303764,-0.240688090967985,-1
-0.620187828145539,0.870938755150338,1
0.972413413027183,0.714468294325907,-1
0.417614748776165,-0.437553836600242,1
-0.282559545725439,0.358709398349941,1
-0.756472958876397,-0.688424584319861,-1
0.3604943309814,0.674645210923736,-1
-0.0205696192772954,-0.0507017203823778,-1
0.338050706865333,-0.217713169042222,1
0.625901079536442,-0.524478621487476,1
0.563842825931416,-0.880695997570031,1
-0.46809330370943,-0.293920526325865,-1
0.359953707453745,-0.884646416196856,1
-0.725731968360609,0.162584709817085,1
0.730657267304579,-0.555300406122546,1
-0.944465326997578,0.153296044483256,1
0.348128416537181,0.566003201687659,-1
0.0760379049002635,0.49743593651714,-1
0.42812847085629,0.917594723974362,-1
0.855703837723246,-0.759764296933451,1
-0.27532377777906,-0.713881459168329,-1
-0.875193851207655,0.0744047503580618,1
0.292060113640604,0.783560661953126,-1
0.261569747985027,-0.694167229941972,1
-0.572790886723549,-0.05411896352868,-1
-0.0287973204132866,0.95187585828993,1
0.331672870370539,-0.981057638251499,1
0.789128443538752,-0.520965171050888,1
0.652871457753662,0.927772821230588,-1
-0.614176924539134,0.660332331344107,1
-0.350592369170945,-0.782256925476935,-1
-0.301037832685551,0.66550092642225,1
0.364577391496158,-0.275607830920624,1
0.987511425741912,0.82487059804556,-1
0.81112648446034,0.428096248364719,-1
0.794469262107776,-0.262896297904469,1
-0.643528271298345,-0.939393570990961,-1
-0.809564499070359,0.677974185994099,1
-0.628141307780937,-0.421509250654172,-1
0.396451524621679,-0.618663482726202,1
-0.601427448764489,-0.530441938482836,-1
-0.195968934822227,0.844315830030995,1
0.227997987861179,0.372597186042149,-1
0.650015565492112,0.918296264421452,-1
0.981242042732606,-0.109772987257697,1
0.361493849841373,-0.296435281897363,1
-0.215119983689008,-0.569394698451439,-1
0.855747317480291,0.308180285354762,-1
0.389376725308295,-0.336932466491692,1
-0.988781788966369,-0.833074493078596,-1
0.0309484532546309,0.818066956977071,-1
0.423745936524319,0.353222812511231,-1
0.196112148804742,0.383604018221942,-1
0.398709972869269,0.0810751010540451,-1
-0.566540976366528,0.543646097025443,1
0.0223266497746131,0.8661242233707,-1
0.766008805155132,-0.37577144591278,1
-0.219104453399178,-0.520562781537298,-1
-0.597958331698607,-0.313021442082885,-1
0.71968102269672,0.473670700643881,-1
-0.434094818806833,0.302629350080095,1
-0.124290331113017,0.337192885324678,1
0.111351068162911,-0.344101399839767,1
0.277929803729239,-0.16080662052471,1
-0.271036418488423,-0.6667223612793,-1
-0.478220327875107,0.767064098338639,1
-0.10076518682957,0.492647709010917,1
0.300765721081301,-0.975435508887974,1
0.711753533494179,0.434125041594835,-1
-0.234200052147463,0.906756192657318,1
0.629822069348556,-0.314512243288976,1
0.272373346170052,0.343568571962452,-1
-0.900141632208182,-0.351758948681516,-1
-0.293474959082166,0.224521210285348,1
-0.680044704414185,0.207787391060248,1
-0.0449981676869066,-0.584395478798345,-1
0.541935416213041,0.793147125954787,-1
0.166567756329285,-0.152310225645635,1
-0.929303229777474,-0.485191644730761,-1
-0.387909677603266,-0.584404235447136,-1
-0.470785101849504,0.644548815959486,1
-0.12425863262714,-0.891586720386701,-1
-0.65579949214238,-0.917841435200965,-1
0.334111044151133,-0.852950309376204,1
0.238278364222025,-0.8728412877146,1
0.0470289239917483,-0.184708586282606,1
-0.376176464068657,0.422581350843411,1
0.716235748904615,-0.949036528642779,1
-0.635818302221166,-0.250516115363392,-1
-0.071012409789441,0.298239406312427,1
0.379286918150469,0.334698029414943,-1
-0.152441569037448,-0.0198896235842251,-1
0.872345570853581,-0.901437025911265,1
0.647979965136852,-0.910305382169224,1
0.124289520463771,-0.474440511829008,1
0.571855955370069,-0.631641036907133,1
-0.871517452403991,-0.836301243910811,-1
-0.279322008338889,0.253529678878933,1
0.416154298176977,0.0897154352305989,-1
-0.503722381253912,-0.771867012633692,-1
0.162752213996862,0.238100671322333,-1
0.726552910381783,-0.219740647334757,1
-0.71420850333949,0.714678809935406,1
-0.304224050581572,0.952075394396975,1
0.785636810396873,-0.969079690300365,1
0.666026961587409,-0.0402697565160711,1
-0.0373987823737533,0.130700628321985,1
-0.845299489075731,-0.814951571412857,-1
-0.799600965488173,-0.229941243157516,-1
-0.625830607882358,0.248403180857501,1
0.970826652002782,-0.677162374321552,1
0.722430902592329,0.459703562594009,-1
-0.50236484891883,-0.848455607479051,-1
-0.116263157756466,-0.459437090200518,-1
-0.967143691819119,0.692716775283761,1
-0.888171550148719,-0.533745222591497,-1
0.997917649067729,-0.501261155252293,1
-0.19283758406354,-0.697543367143299,-1
-0.47193933535639,0.17380090161193,1
-0.0956348503106469,0.187954638082091,1
-0.559502947275326,-0.258330656435208,-1
0.662061176227251,0.959703253531528,-1
-0.991593938433054,0.943276987033321,1
0.0601276362198553,-0.357286525090995,1
0.478631534021245,-0.867565271727299,1
0.430902403829438,-0.468766724281789,1
0.49073016767386,0.9185258536933,-1
0.648366679464839,-0.857625914051271,1
-0.445179801661753,-0.730137685954653,-1
0.344597305819771,-0.229924643059181,1
-0.911901348818438,0.722281049950549,1
-0.969992436585001,-0.310295058030753,-1
0.993604836101507,-0.874673966374598,1
-0.592829144476602,-0.528046436561837,-1
0.216523692794273,0.920542588903863,-1
0.229867900387182,0.965437511745296,-1
-0.122951182061623,-0.580479769364402,-1
0.0468125650248368,-0.987918787414188,1
-0.708062027589067,0.861391268449584,1
-0.325628373809207,0.0326198405298674,1
-0.944433585402244,-0.559025850029764,-1
0.379724440600238,-0.164660442740433,1
0.291464280324617,0.525912533585204,-1
0.850762224040552,-0.489063024558575,1
0.339026616162367,-0.451753528709895,1
0.763126664090329,-0.694353500208986,1
-0.699282415037448,-0.814440451445335,-1
-0.384565358729194,-0.367487315410964,-1
-0.638818091879385,0.618376969189179,1
-0.555549609354823,-0.628652091091665,-1
-0.679517917338722,-0.731162060417764,-1
0.354827375321528,-0.940751684635089,1
0.998811233869712,0.972068256014159,-1
-0.804632094835043,-0.504136516022535,-1
0.659702223257343,0.959254100469844,-1
0.151398994486003,0.555812757001211,-1
-0.859637855226196,0.491183584059471,1
-0.812519283432436,0.208507042843577,1
-0.698013011994442,-0.402428531554881,-1
-0.825056088468725,-0.99454263095793,-1
-0.455607373498155,-0.971771330722518,-1
-0.100612816283561,0.891562383621244,1
-0.866093992140222,-0.581756734442089,-1
0.278268087440669,0.495621311055727,-1
-0.692950396659925,-0.691710884031976,-1
0.444194002135926,-0.0506837209689431,1
-0.712328485229444,0.326841557095003,1
-0.951083435583437,-0.920359402713686,-1
-0.640094998898863,-0.711075631973383,-1
0.862679111840603,0.359000062948458,-1
-0.344272889355567,-0.844362854504674,-1
0.206333484284088,-0.45680432345368,1
-0.967737675482658,-0.826229982059254,-1
0.682562059307726,-0.798249640305742,1
0.574862336068839,0.757828535508186,-1
-0.864823380093451,0.306105688160291,1
-0.0542924234811545,0.462302239663313,1
-0.967974482747388,-0.0384952052431021,-1
-0.609035822033482,-0.192418508654507,-1
-0.134298008431751,-0.806800950079342,-1
-0.0615983572957634,-0.992485896261401,-1
0.186323409062049,0.396377186743911,-1
-0.494684598782386,0.635522611647536,1
0.63239113274611,0.887486231670172,-1
0.167828149906495,-0.68950082930697,1
-0.0481924291968733,0.785321082022601,1
0.440375284088789,0.796488399904708,-1
0.992984148652736,-0.939915950013331,1
-0.442646331412348,-0.391646597952938,-1
-0.489548423046221,0.753925099938671,1
0.476764065643668,0.400597477572687,-1
-0.627401328162642,-0.0984654610126229,-1
-0.759601045002384,-0.152031593066103,-1
0.729966697700343,-0.386542224315423,1
-0.0127854782886502,-0.58688901690254,-1
0.89176935348316,-0.162213309390858,1
-0.165244586222018,-0.803772089551608,-1
0.130142390028817,-0.727778503033201,1
0.546718536845853,0.53768744194395,-1
-0.0421368070391796,0.0833216716444125,1
0.601450764932768,-0.150132942398174,1
-0.401006624880719,0.251905167594961,1
-0.774460165258989,0.101993193502923,1
0.419402264576651,0.780106968035367,-1
0.287079402824814,0.0948517705643421,-1
0.640153005358431,-0.541474151804302,1
0.842908216162409,-0.0258557691409674,1
-0.743589412153885,-0.265874857894567,-1
-0.0784089297662744,0.894549014142271,1
-0.307593801651729,-0.734410225407804,-1
-0.897006434223724,0.653553648426737,1
-0.623671357013533,0.832078001496476,1
0.645446596053686,0.454056402643954,-1
-0.412898410862738,-0.166669800798491,-1
-0.095875982167216,-0.204622206821524,-1
0.835885539054845,-0.809625286012161,1
0.32949787816556,0.519674266901495,-1
0.104017977609888,-0.0163103377437365,1
0.184620299250022,0.187457135111691,-1
0.734600566965701,0.449863382190872,-1
0.92122490735612,-0.327682622989432,1
-0.0389211140105618,0.54990710473255,1
-0.446988165155117,0.13184018128303,1
-0.491809903284603,-0.253514064585532,-1
-0.707728652550096,0.153993635758523,1
0.355876807488062,0.0635917443100158,-1
0.459429961005984,0.635557541398351,-1
0.686855562373893,0.449036951259467,-1
-0.976487585594545,-0.889064032205879,-1
-0.218583312147762,0.910702406720803,1
-0.0101571087069837,-0.831215643797613,-1
0.133416500156292,-0.516292753986679,1
0.202167109650666,0.777636497361067,-1
0.347321487418412,0.456786924868934,-1
-0.884883472918378,0.565356944808713,1
0.138701448531709,0.14831408064539,-1
-0.424181211392459,-0.349373121628142,-1
-0.446444953806408,0.79543929791538,1
-0.516687625238124,-0.565892860451192,-1
-0.417106827842477,-0.981373493739953,-1
-0.506862160723288,0.557415723204074,1
-0.710875170416382,0.578194115896921,1
-0.710014728465947,0.482745723506677,1
0.92418989744715,-0.361285428244587,1
0.153424891298033,0.0721143140049949,-1
-0.138678588420578,-0.155379572461015,-1
0.837648778351925,-0.441353685783553,1
-0.687463662149642,-0.953275942076956,-1
-0.226892484511386,0.678751819178765,1
0.800718590193722,0.526038647359962,-1
-0.112992751438525,0.526031461537694,1
-0.589427118701139,-0.99407903255157,-1
0.27852610913393,-0.97453633407299,1
0.534174520775133,-0.558710376719597,1
-0.332853920416103,0.889268970976119,1
-0.289239112033808,-0.448859846289099,-1
0.730332900662299,-0.925351364607349,1
0.770597125044082,-0.355443953818134,1
-0.0884082090332771,-0.0560575539610929,-1
-0.821096892901416,0.226122964305434,1
0.376700048371022,0.00854650937462398,-1
-0.0187676018184092,0.0720505638593736,1
-0.0945421142077322,-0.943332413659479,-1
-0.490925778905048,-0.364752241318811,-1
-0.961176499110905,-0.412052887084294,-1
-0.774912237320185,0.362569729163965,1
-0.339991168240299,0.898806274977298,1
0.31653781822677,-0.1467869183456,1
-0.748238203171855,-0.4876076885038,-1
-0.716902126391579,-0.312345507921257,-1
0.64793783793259,0.371221387086179,-1
0.787668358292826,-0.155555699601237,1
-0.947084803816269,-0.340832204820876,-1
-0.922709126312693,0.102789300134526,1
-0.841471385319628,0.717273357838548,1
0.034555201283055,-0.797817357249172,1
-0.464495210261802,-0.329651267858639,-1
0.634832372219398,0.735221202708886,-1
0.136317055631918,0.0254706035867029,-1
0.41719794939821,0.782453618028917,-1
-0.378012599346342,-0.959771544315144,-1
-0.344657445861936,-0.591079465516824,-1
0.0123241753421846,0.673189339350286,-1
0.573498056645904,-0.47133418195726,1
0.621295907469896,0.545141825075361,-1
-0.00246843265197161,-0.384465007393728,-1
-0.298280939723264,-0.723501259953347,-1
-0.886737878641432,0.643255696973952,1
0.82194742782859,-0.37107850234292,1
0.158002347049455,0.453260510933581,-1
-0.759742818850384,0.962377312358273,1
-0.999512052579817,-0.684614246475715,-1
0.989315437847121,0.876486384593629,-1
0.474190934189337,-0.377775467662573,1
0.452576435285718,0.890494242479411,-1
-0.145868660432933,0.760593328301216,1
-0.776355664441775,0.131149119472384,1
-0.589085413855694,-0.0543073858905973,-1
0.105908130371536,-0.728056991401091,1
-0.120457211954313,-0.597830519368747,-1
-0.555694083921856,0.287425911457487,1
-0.578227487601724,-0.200285725258307,-1
0.883094353516714,-0.541247444824813,1
-0.795540942352242,-0.740346414157195,-1
-0.188158919059009,-0.015090208154055,-1
0.920658624340415,0.738887326179317,-1
0.631727520059818,0.0522305510649202,-1
-0.252243627284062,-0.27783865356737,-1
-0.877704441422889,-0.611768229693427,-1
0.369331309529747,-0.375426464065527,1
-0.383284583214081,-0.251532293691826,-1
0.775195466253306,0.421905827259743,-1
0.473555220609367,0.533870385479007,-1
-0.630894954368452,0.238719114054965,1
-0.602629217038795,0.242063170414969,1
-0.675589436777221,-0.658607704708971,-1
0.222643363783561,0.152620639795764,-1
0.997707463469616,0.957982094025653,-1
-0.793652303711953,-0.265715366288471,-1
-0.634458506313443,-0.346418719486026,-1
0.473840936564262,0.873452599981824,-1
0.077629745797049,0.519495053770805,-1
-0.396653481169818,-0.0292083186657858,-1
-0.209176720371652,-0.735137565156236,-1
0.723351414986531,-0.7742888996222,1
-0.0202773851550185,-0.337112123164083,-1
0.112456860028885,-0.315914466248109,1
0.828429433890614,0.390126514653685,-1
0.00897782324308616,0.638897291440975,-1
-0.761535119966257,-0.628054052036129,-1
-0.0899133432123295,0.44449017307846,1
0.134429610497544,-0.045401982030863,1
0.925955316688882,-0.899911940729422,1
-0.883079656650221,0.552556764328973,1
0.433590557618922,-0.522692691941094,1
-0.571303529931476,-0.582315661048595,-1
0.898295568531979,-0.853651252090115,1
-0.412556875313337,-0.588077465086469,-1
-0.449408238621288,-0.15728797277854,-1
0.0721469685946392,-0.72493939851265,1
-0.508961364109046,0.124240706337104,1
-0.173934722849514,0.108107764401058,1
0.342416383107963,-0.388913969534374,1
-0.164976988130296,0.889297991885269,1
-0.57723233394494,0.366927505428186,1
0.159269159158573,-0.641003715983835,1
0.729970234254901,0.938835153443117,-1
0.783423445003988,0.6766498964216,-1
0.0344897120809846,-0.175273901652051,1
-0.877734018980185,0.506417718804401,1
0.190236861928289,-0.489996145806303,1
0.68295667088518,0.623203261779728,-1
0.810733800883162,-0.272072932911511,1
0.395503165363625,-0.840594591654151,1
0.243016583481471,0.0651806133703121,-1
-0.642721309640606,-0.164287556907146,-1
0.209874773683541,-0.931435823392045,1
0.196147913979931,0.645433854706263,-1
-0.888230798377976,0.0312336339507786,1
-0.337057679880736,0.9147797032218,1
0.710473782962906,0.7149120821757,-1
-0.691781638237063,0.890155606680121,1
0.156841109240803,-0.797895827487949,1
-0.269682980899937,-0.144585677471351,-1
-0.704057930242725,-0.271245121371524,-1
-0.548197958327352,-0.382577278330513,-1
-0.320198273829944,-0.783872712576308,-1
0.0978324888574293,-0.56292853516252,1
-0.290944838001457,0.0546593058777911,1
-0.71036224712673,0.829272998854469,1
0.666931847123248,0.916215160819369,-1
-0.0435313941332493,0.145814389987859,1
-0.274354281543907,-0.802703577307472,-1
0.322532885558018,-0.350678903564333,1
0.938754832437752,-0.859448752257923,1
-0.0478152028042221,-0.584496561366271,-1
-0.620388661285221,0.211908883121733,1
0.208463294928154,-0.317025791427869,1
-0.665051088947688,0.453919682743422,1
-0.591135982474636,0.143224414431435,1
-0.0288314972676217,0.88703754384269,1
0.392427794622345,0.308167995053211,-1
-0.73841038251157,-0.588736662590435,-1
-0.502402127060352,-0.387173397394465,-1
0.547623124095357,0.839898839353971,-1
-0.0770838193910605,-0.118401827110644,-1
0.920893620935052,-0.401508420868751,1
0.150430415918975,-0.449916654906367,1
0.104179189790565,0.808062845382402,-1
-0.897938995828441,-0.978514818545538,-1
0.850433636053912,0.473314049692297,-1
-0.523344193379549,0.0418948943433228,1
0.156429970459813,0.986602196474289,-1
-0.5541890038645,0.907968098008609,1
0.192217611962145,-0.264646981432441,1
0.892282749882724,-0.981489660652388,1
-0.688034046495322,-0.713049592465005,-1
-0.825230048855561,-0.671806510428761,-1
-0.945494778941012,0.608523654989295,1
-0.0366836656832478,0.413961309653846,1
0.557745979994684,-0.760299297580617,1
-0.515788715834381,0.495499407088736,1
-0.544543849010305,0.833727719049465,1
-0.807705778412426,-0.271851325646354,-1
-0.165782196758186,0.960611223389027,1
0.514745779531316,-0.681460036378193,1
-0.0515849324714405,0.649580597135601,1
-0.579099234306334,0.341182389383285,1
0.642379130654261,0.945949148280683,-1
-0.297100355257506,0.566352747701986,1
-0.952737191574522,0.32676423291996,1
-0.422630542474119,-0.163083780562151,-1
0.0294230860132791,0.96040543097906,-1
-0.385813788985638,-0.375870909320465,-1
-0.752973882195027,-0.245172391700641,-1
0.548226470812767,0.902940058497765,-1
0.573213195341364,0.800317939926706,-1
0.98610579634463,0.302718810968608,-1
0.199817564040004,-0.309371662515132,1
-0.593696239520414,-0.963295758073672,-1
0.66693105271575,-0.781835831065471,1
0.297594923388102,0.324146032400481,-1
-0.761775291418439,0.890588304681105,1
-0.366633989022925,0.252489164948784,1
0.524959510509921,-0.760017589361542,1
0.338527611168542,0.0964164119277467,-1
-0.0230764462382388,-0.419096270056551,-1
0.75321318894104,0.657364210344845,-1
-0.119166231923713,-0.0974877602058652,-1
0.779277862199042,-0.41408861668448,1
0.622760446785735,-0.743613191908544,1
-0.419083578837875,0.3446801583656,1
0.288319385528554,0.500538661718662,-1
-0.083072050735543,0.629786921926179,1
0.134997970594467,0.599879384830656,-1
-0.9378390076808,-0.907192329921026,-1
0.560071704829291,-0.133968793642571,1
0.7076232487486,0.740342774248353,-1
-0.358937455090805,0.935281966276276,1
0.204197428074407,-0.353611518860156,1
-0.481973848565445,-0.957918596910943,-1
0.451395965827462,-0.476412525823033,1
0.533509068739329,-0.135341706819075,1
0.632175138606697,0.97133721069607,-1
0.796697874221401,0.699154916433587,-1
-0.358681126386424,-0.843511291197961,-1
-0.603478414705117,0.890947969003647,1
0.0907885110388325,-0.0819836514233875,1
-0.11253863814175,0.434520483767736,1
-0.950597121232592,-0.633172508103,-1
0.511777021624815,-0.903757050703677,1
-0.457418759669459,-0.209993264444338,-1
0.0932287404014225,-0.0697552880100817,1
-0.82315232756897,-0.689509912019741,-1
0.438484455125306,0.697441810330025,-1
0.823078654035231,0.592959963668988,-1
-0.532533155677419,-0.731937741703354,-1
0.634933840297893,0.539470196206405,-1
0.862882964376638,-0.369005330783308,1
-0.367880607088103,0.3028010384395,1
0.0426703256772019,0.0212949235806163,-1
0.828955672896016,-0.428223915387467,1
-0.495189752816848,0.33386615788109,1
0.304277169409727,-0.525175997642764,1
0.368600737624499,0.177145565307381,-1
-0.60537259491904,0.516974294831436,1
-0.626058532287132,-0.752525951947658,-1
-0.515874306159127,-0.626103926600884,-1
0.563569183691067,-0.918356888899395,1
0.592492818556485,-0.588243117765045,1
0.0666006628920823,-0.993717786576554,1
0.891371993685282,-0.667875259195489,1
0.202234130517806,0.913428131034552,-1
0.950047973592386,0.251379213408188,-1
0.129342018968621,-0.323238199456511,1
-0.86883378457277,-0.781374554142893,-1
-0.879637687236064,0.728926992243797,1
-0.95026429248712,0.0328390947605777,1
0.287300759476537,0.216544274013899,-1
0.620335461807795,0.709322107105346,-1
-0.671909613618634,-0.583557812158525,-1
0.160222879320132,0.898119128459988,-1
0.891432472106899,0.831341800089317,-1
0.268540441732334,0.0253005888753646,-1
0.982386919620288,0.787016477512525,-1
-0.602164419222633,0.0883721129764768,1
0.26764934947871,0.0583986185989993,-1
0.371051356985457,-0.68678700949999,1
0.0470751485326491,-0.651116852717308,1
0.0488108146070991,0.455784809584602,-1
-0.149243093897252,0.153425250452042,1
0.0469497571639306,-0.286929949585069,1
-0.598558390126519,-0.0723380287620049,-1
