-1,-1,-1,1
-1,-1,1,1
-1,1,-1,-1
-1,1,1,1
1,-1,-1,-1
1,-1,1,-1
1,1,-1,1
1,1,1,-1
1.022417958093927,-1.024002903345837,-0.9551596447654538,-1
-0.9583134361596304,0.9753364451794211,-1.01582488681919,-1
-0.9654114516685027,-0.957839896623591,-0.9589405127572587,1
-1.017694965378718,0.9953539086914099,-0.9891934173178392,-1
1.044368332837491,0.9742911693969275,0.9841648181356447,-1
1.00291873293318,-0.9702552674490244,1.029015460919003,-1
-0.9797162979536663,1.034402608498455,-1.042584091297863,-1
-1.031098182366971,-0.9846042785500335,-1.035555841492913,1
1.035222538875389,1.008052816670462,-1.0200318376452,1
1.025512222299497,1.01556074042303,-1.0476922485508,1
-1.035392193659875,0.9677120605265899,0.9959338066859855,1
0.9878836577399923,1.02778292615727,0.9891103347180793,-1
0.9975570460046913,-1.023699575336803,-0.9657178882977199,-1
0.9690760959166272,-0.9860471233498235,0.970815853602783,-1
0.9553030600699077,0.9958202703980353,0.9773994351105423,-1
-0.9606287832650925,-1.042734872270325,0.9661050897894027,1
-0.9618662961660235,-0.9766503504881696,0.967658037305697,1
-1.002361176371716,1.041769770295795,-1.024710265208556,-1
1.022162607942557,0.9529085173179399,-0.9531348259685926,1
-0.9582994610389505,-0.9813098578780354,-0.9815311874685059,1
-1.027495349581003,0.9779190362287321,0.9827420622874999,1
1.011877361566823,0.9790757064083148,0.9663397260293064,-1
-0.9520678779448085,1.044827629878665,-0.9607991138176566,-1
0.9511133277385351,-1.034909696396184,-0.9824982739295959,-1
0.9988066431652499,1.019439709933684,-0.9534140010067952,1
0.9819959782813608,1.021308637572218,0.9552289297146219,-1
0.9877262737911796,0.9508096206789317,1.0399901453097,-1
-1.015850892626631,0.9503571262650363,-0.9799344591021322,-1
0.9752780225777943,-1.030248580831334,1.036126760449109,-1
-1.035844484145172,1.027758769606715,0.9960229399196837,1
-0.9742909803041196,1.041917966243686,-0.9691717874624293,-1
-0.9612519592729883,1.033626996125315,-0.9965034084964723,-1
-1.001712014717253,1.02484889748099,-0.9758871135352223,-1
0.9938326638579518,0.9507461256005444,-0.9902599415656845,1
-1.020412231521271,0.9729602835876712,0.9880646133154211,1
-0.975026702658345,-0.9704539960052093,-1.032131046734821,1
0.9609708235729314,1.030578863243638,0.989770298378757,-1
0.9662051749791505,1.025250611355085,1.033937698941024,-1
-0.9603568242144831,-0.9791734730558674,0.9785823325019785,1
1.033908631199487,0.9562772189509126,0.9614874270484308,-1
1.000859785475272,1.042810054033182,1.003370362966927,-1
1.002245479053082,1.010382514987444,-1.038301384695897,1
-0.9760082495686558,-1.049594322646684,-1.041886798168445,1
-1.048361137520617,-1.036095018168485,0.9551286927070198,1
-0.9532559487523063,-0.9982628772672808,-0.9932227353933577,1
-0.9691710953114989,-1.017003568201741,-1.017081113308317,1
0.9779600332306853,-0.9810255477555678,-0.9998952181935905,-1
0.9611352464145367,-1.048971417910943,-1.021329070134793,-1
0.9895213380510531,-0.9738522330073128,0.9921549129482047,-1
1.006618986533507,-1.041836243041906,0.9572099875191427,-1
-0.9526389906642588,-1.010227099917089,1.011384080478318,1
0.9756535194313353,-0.956847995725966,-0.9641567988304979,-1
-0.9628225599416879,0.952997539228467,1.031981967036435,1
-0.9620396716388147,-0.9928657591515162,-1.022516007648843,1
-0.9975290817430489,-0.9592729076870176,0.979988747535261,1
-1.015465715965371,1.021409007651478,0.9704735599648543,1
1.040990061073408,0.9527078006195961,-0.9999619825505884,1
1.0420705703181,1.034718018371263,1.025260589874736,-1
1.019044975724409,0.9876581569833065,-1.014921183950249,1
0.9945262627756443,0.9503819012379168,-1.000284459061491,1
-1.027695668430261,1.035806923680989,0.999026465699192,1
-1.006077891287192,-0.9886993333407829,-1.03937395968862,1
-0.972336449692195,-0.995281953787061,0.9927593673807844,1
-0.9651117981807668,-0.9695690995707774,-1.037473013980645,1
-1.033769778201287,1.044129268733779,1.02076108271097,1
0.9967125397582556,-1.005081707514112,-0.9879159743286673,-1
1.009464307806412,-0.9728092802712905,1.025019063507764,-1
-0.9904508304567032,0.9751504170366294,-0.9829266642938935,-1
0.9831649807520054,1.041910584082226,1.005321180473091,-1
-0.9764230800519896,1.016349339165102,-0.9555899931443458,-1
1.005174435036478,-1.021664295973402,1.000234902841461,-1
-1.032006152287835,-1.020945873110182,-1.011122408018344,1
0.996894364800031,-1.019312282065145,1.005578850298552,-1
-1.036611254440477,-0.9612506574437424,1.019848736925448,1
-1.03494462206556,-0.968063831826366,-0.9699728536665763,1
0.9684479462238621,-1.044545108606352,-0.9877658671775396,-1
0.9980643820818517,1.009728231002861,1.015350327677712,-1
-0.9789565882533664,-0.9519565149750773,-1.046057779204982,1
0.9648943731258157,0.9758747151625595,1.035706882560023,-1
-0.9861226454523552,-0.9560551085880338,1.048514816503894,1
-1.029904147735326,-0.9649392610982004,1.048805362223539,1
-1.022220671644079,1.02499703121586,1.040243019453412,1
1.044571969201394,-0.9663615568379954,0.9530692283499007,-1
0.9732520752390853,0.9594702506441075,-0.9662488169853407,1
-1.021061126832674,1.011571847281397,-1.038518608439754,-1
-1.042898597520387,1.046609386883915,-1.000845088447267,-1
-1.028119689448555,0.9940440753401243,-0.9810696602878114,-1
1.01215547860739,-0.9766677295436519,1.018993918194224,-1
0.9908194744078581,1.012193139541634,-0.9875862152502645,1
-1.033340900152938,1.032449512994976,0.9822109968149074,1
1.006839539399585,0.9959421694264943,-0.9893962985764511,1
-0.9734027021155766,0.9846334749277053,-1.020308105790609,-1
1.021631905975435,-1.023273614772757,-1.030041930548995,-1
-1.036359237103607,1.028164811650075,-1.025181456230014,-1
-0.985787317900224,-0.9573474800688289,-1.041508342067318,1
0.9923817694214013,0.9964339880663776,1.024786625504863,-1
-0.9599749720298616,1.021741964979419,1.033929297129952,1
-1.020830125424373,-0.9760852207962725,-0.9907200902240785,1
-0.9556326853744874,0.9574328593013528,-0.9721723353843819,-1
1.009261762418791,1.016997153226544,1.025581190251305,-1
-1.009259346710659,-1.029143960698463,0.9663190991498477,1
1.038903992906455,-1.012302963262754,-1.023328012461964,-1
-1.02141235209234,-0.966444557071738,0.9753928394275388,1
-0.9630841512749495,-1.03914790367779,-0.9724678248931038,1
-0.9668570344458952,-0.9955326853990478,0.9870489154177595,1
0.995664073405054,0.972886264227779,0.9536326557040601,-1
-0.9704847007098517,-1.003613714290788,1.009530914224664,1
0.9567537776812359,1.041664506004765,0.9544193875693632,-1
1.034071952182817,-0.9899023931436055,-0.9820876467022918,-1
-0.9557915310782795,1.029773011513905,-1.00079356442329,-1
0.9880269202536249,1.038963067321827,0.996190670995291,-1
1.042832197046969,-0.9959123938034099,-0.9896220813772919,-1
-0.9969522604276625,-0.9835845088586509,1.035790962974358,1
-0.9601115767936971,1.018520709889823,-0.9929816195560572,-1
-1.029322681807709,0.9866771314381964,-1.024268647256218,-1
-1.035080022026289,0.9878721496997263,-0.9940849271872216,-1
-1.034116578619128,-1.012633100324773,1.026092877459015,1
-1.044920328296282,1.004132919335249,0.9875657945485242,1
-0.9623096686450747,-0.9874907536496541,-0.9797605900632137,1
-0.9862363117138008,1.043542148584425,-1.024663574765371,-1
1.018603661514404,1.036336925913941,0.9790966806914948,-1
0.9788387216557977,-1.003560036887189,-1.009160528901121,-1
-0.962627507782699,1.023077351472114,1.008910427861064,1
-1.011757340488171,-0.985725308932099,1.008664054915126,1
1.046938716807246,0.9844710540491943,-0.9955905071288367,1
1.03259364263403,1.041910573021373,0.9511925583637044,-1
1.026027534476851,0.975992164909905,0.9626568840198196,-1
1.026711733607976,0.9998325255431544,0.9510033534694905,-1
-1.011327745494369,1.016539461633456,-0.9607884226800854,-1
-0.9990070292774336,1.005819537567091,-1.02298818392751,-1
1.004123796714596,1.023292508715011,-0.9523701202541796,1
0.9803026310333463,-1.042175682489844,1.02701237207835,-1
1.003746097203905,-0.9721666179354691,0.9697962989913366,-1
1.022139305347032,-1.012867664719309,-1.046834728245139,-1
1.017366204988307,0.9554417256671457,0.9921657205574388,-1
0.9554274488830187,-1.024924280844582,-0.9886097171622843,-1
-1.03579830612929,-0.9892578200560312,1.003302223190094,1
1.024466216773906,1.036232611421836,1.049297077885978,-1
1.030798550557867,-1.012644477056646,-0.9716569559816866,-1
-1.021075738060387,-1.025120981652182,0.9933478705029863,1
0.9841669541337101,0.9551090363667359,-0.951394094674968,1
1.022439413519696,0.9940348360401279,-0.9776843686521266,1
0.9581394061144246,-1.037076229415277,0.9673764769446132,-1
-0.9967854566350173,-1.04491398640133,0.9843779194936487,1
-0.9970821844767391,0.9691988917090034,1.040337808007251,1
-1.003257024367719,0.9632516367110578,0.9669597999743772,1
0.9950675240429362,-0.95913559553877,-0.9951279076859161,-1
1.008178690985828,-1.022137015423348,-1.023981483557223,-1
0.9525258010848364,-1.008554949359509,-0.9882039295523788,-1
-0.9840197535036316,-1.049292787197892,1.014766240484288,1
0.9846622182711089,-1.02499526743547,0.9633088126314512,-1
0.9701200734198479,-0.9571294036476831,0.9749282317521638,-1
-0.9586526648556212,1.031068770042186,1.039288511814528,1
0.9710582162043431,-0.9884792439067444,1.024977216511396,-1
-1.008345844330728,1.026254818475727,-0.9898838074480888,-1
0.9588448950591192,-1.044781063560547,-0.9857143486069617,-1
-1.014522468109906,-1.012864982315008,1.046699245186669,1
1.037771999090321,-1.006696811547253,1.033827005391544,-1
1.02646094969408,-1.006468291532555,-0.959838462890371,-1
-0.9916108638534182,-1.008337615846152,0.979093211201614,1
-1.046127721619144,1.033093391818048,-1.043542722013982,-1
0.9807781972695224,-0.9783183069057024,-1.029040182181675,-1
-1.042437587953342,0.9807074016623851,-1.007989611701803,-1
0.9639918565030144,-1.045519790941393,0.9712234460862749,-1
0.9803388689124768,0.9527730055565365,-0.979057096697901,1
1.012193137751274,-0.994995400697264,-1.017744344239149,-1
-1.040194210151926,1.037412058964577,-0.9830920474429454,-1
0.9565201855495318,1.011145004170868,1.027058303981123,-1
-1.033279528558277,-0.9882683930130909,0.960074027063212,1
1.029739728750498,-0.9871479055285877,1.032604557311541,-1
1.034652005941256,0.9796756563311666,-1.024210229436495,1
-1.02800972512619,-1.037618188171337,1.027304428521326,1
-1.04996711621274,-1.015595096198869,-1.02680950965552,1
-1.006461053623643,-0.9669650694430875,-1.037309966640527,1
-0.9999115686798733,-0.9724288395423298,-1.001988230550888,1
-1.00616912358972,1.030545997483854,-1.030499982383571,-1
-1.011166559538375,1.004468605263886,0.9682638341964377,1
0.9634878968179714,1.027950388395069,-0.9518167619992992,1
-1.033687610392126,-1.001633594576761,-0.9812802468103682,1
-1.00096359236545,-0.9517056115403282,-1.042760006134955,1
-1.018885463534199,-0.9744560072050644,-0.9565292251532216,1
-1.022102670919664,-1.013625080011711,1.035760219676906,1
0.9888643782947224,-1.005973168082924,-0.9780331851876435,-1
-0.9857750176434518,1.017721738319266,-0.9861582912582729,-1
-1.02786632578843,-1.046330571617928,-1.028060462918291,1
-1.014561175597726,0.994533501237631,-0.9595436376915439,-1
1.015295921920187,-0.9664496255547838,0.9774010382207335,-1
-0.9842139850055178,0.9779365240410639,-1.005942793450857,-1
1.017006936400603,-1.016504051711602,1.047090351507317,-1
-0.9610264893118292,-1.035579457433041,-1.020660756460685,1
-1.037662319042126,1.012990971317678,-1.004431389757187,-1
-0.9588852271975362,1.045519557880546,-0.9928066293297646,-1
0.975579353223475,1.013680387811484,-1.019165306058003,1
1.017053727555725,0.9833821873859231,-1.041204498472605,1
0.9625113814031967,-0.9856334277727362,-0.9903086038841704,-1
0.9748938593159358,0.9660016985130916,-1.026056982108873,1
1.010554266848336,-1.038767986488627,-1.01234410641435,-1
0.9654622349963191,-1.014408281316959,-1.042179161967112,-1
-0.9698580005193095,-1.043521229710845,-1.027841881861406,1
-1.017915628704652,-0.9802057453110957,-0.9652492963989199,1
0.9610192345569422,-1.014031300419159,0.9998434982447634,-1
1.040333457091283,1.024311876253944,0.9813577697079707,-1
1.017455651440509,1.003753047151218,-0.9541263420823102,1
1.018391200916245,-1.009579272253238,0.9766314531439155,-1
1.046678053161535,-0.9731047246155565,-1.021462859364177,-1
-1.014465826363598,1.011159145015628,0.9759503504001662,1
-0.9507069611933643,1.011610152695836,-1.003749947798293,-1
1.044199610222282,-0.9567878020756689,-1.034934855650401,-1
-1.046141344941229,1.004717009559462,-0.9638709134246717,-1
0.9627020574229059,-1.010981145602269,0.9660281147537708,-1
0.9916848311629896,-0.9995023553777821,1.044784201017692,-1
-1.010517435185109,0.983913353485543,-1.0177941054449,-1
-1.033455112230129,-0.9861663219618905,0.9620764633675293,1
-1.036572369373644,1.027927672024248,0.9816736491971164,1
-0.9860632837584609,-1.003725154357388,1.004587611256125,1
-1.045361296354309,0.9568825752404843,0.9507639084832947,1
-1.035080744037019,-0.9530584576032574,0.9926290876603976,1
1.015875978442501,1.049732945217118,-1.046753085799683,1
0.9971936220036339,-0.9798811974238356,1.021844438560446,-1
-1.045720522350188,0.9726603329184107,1.006736811661744,1
-0.992093963727873,0.9502251770260497,1.034026622498128,1
-1.020316266110473,-0.9953652556064613,1.035504416098843,1
0.9759601714799594,0.9606673835647167,-1.031354144484881,1
1.020198577474974,1.014776928578479,-1.015538152453405,1
1.009917147503181,-0.9591178987736881,-0.9819387605217432,-1
1.017846850475237,0.9874643512663162,0.9852343313740047,-1
-0.9538041416189329,-0.9651396774597639,-1.046985432357377,1
1.023426523514627,1.003098034972419,0.9590637397113707,-1
0.9958020846479265,0.9536169430491198,-1.035512264596209,1
1.019554142006057,0.9687608279847993,-1.04722991241623,1
1.023461996523243,-0.9537915232833173,0.9866107747305233,-1
1.03984883258126,1.016242921773529,0.9937666331780668,-1
-0.9502008704818811,0.9900715483589189,0.990575517410242,1
-0.9507080695349753,1.019573576834577,0.998595691258531,1
-0.9957312525586414,1.016201300504612,0.9606450435965125,1
-1.020696703093653,-1.048624300467889,1.037499304004008,1
1.015677509922006,0.9845059422918986,-1.042625365489011,1
-1.023815810093047,1.03887218311979,-1.017161692754654,-1
-0.9921052258239417,1.002051608567072,-0.9941251568603215,-1
1.043219109663866,0.9565625001367857,0.9556858671911707,-1
1.043985163648785,-1.016619212743636,0.9780808717838253,-1
1.024413732347552,-1.011957225189984,-1.042838117939889,-1
1.033723063252118,1.019408894792447,-0.9616626135870667,1
0.9999248533018794,0.9640756114794423,1.009940520879921,-1
1.032117648489485,-0.9833101914607483,-1.041987012272697,-1
1.036445465821614,0.9866381953263865,-0.950309439791475,1
-0.9756424054167642,-1.010368854260949,-1.026627888119618,1
0.9686782224125271,0.958165317924651,1.049840631984915,-1
-0.9926584612088917,-0.9945821067106427,1.038379222867245,1
1.037374959527397,-1.006889247920022,1.032529447020104,-1
1.012493733083332,-0.9718354950184441,-0.961727736990824,-1
-1.004349286078631,1.038790623133385,0.9994437536516774,1
-1.005380197391414,0.988929381371401,0.9682633446702071,1
-0.9672884320295538,-1.049811370352103,-0.985867209819318,1
-1.025020839698628,0.9685297132381923,-1.032689534281883,-1
1.026704777728991,0.9743913592947622,-1.001432404872415,1
1.01136209149954,-0.9970306149996909,0.9508617098913884,-1
1.019273309596063,1.002582202367136,-0.9812222277056554,1
0.9523184241217728,1.018217924684577,0.9597229009296466,-1
-0.9502436190266286,-1.025985674694104,-1.000392231090522,1
-1.005263032315159,-0.9961305884336978,-0.9548167375060658,1
1.043500242131364,0.991167525912433,-0.9797965889338985,1
-1.022209813339273,0.9935556798889832,1.048381557438483,1
1.043948138674386,1.009139546888817,0.9733159222796646,-1
-1.024338614848893,-0.9723393261104651,0.971057204643246,1
-0.9692898435037363,1.017301707018292,1.003534806163924,1
-1.027766370568262,-0.9974831618829916,0.9916365393084694,1
0.9522529725787189,0.951466007479851,1.029596035886601,-1
1.000526683234332,1.034509795207549,1.034107388942624,-1
-1.045973966289153,-0.9999751327850885,-0.9633951581918093,1
0.9885048791480325,1.041988551272358,0.9843379189339644,-1
0.9797469562728218,-1.03151981705409,-0.9626744799193099,-1
0.9680432521474984,0.9703236810655926,-0.9586996571606066,1
0.956759488994371,-0.99327258332032,0.9932105899504492,-1
1.031763043214088,-1.037140668276852,-1.047509858594395,-1
-1.029303001177209,-0.9927651697293519,-1.031304766057517,1
0.9667514720735795,1.045764245922361,-0.9871744799191129,1
1.016258651394323,-1.034181918834204,0.9738508007902698,-1
1.02718473222657,-0.9887296616514977,0.968187474665234,-1
0.9638288474946103,-1.015635135720997,0.9561112534018994,-1
1.014624056610404,0.9996415535413394,-0.9607090686492267,1
1.030122086430363,1.022470160496482,-1.001192659546965,1
0.9833320052962127,-0.9573990001134526,0.9503143490239414,-1
0.9985356388553888,-0.9900525358923352,-1.020976414540315,-1
0.9555936666055687,-0.9515883837150197,-0.9752804961536341,-1
1.027828964772549,1.026016173595544,0.9709564012043971,-1
-1.019886631915723,-0.9888549355581285,-0.9707239899295299,1
1.042415223635865,1.013329668424907,1.0131618102573,-1
0.9656348026963688,1.016762587287028,1.015349058154388,-1
1.029784768936515,1.037631369207298,0.983281535403706,-1
-1.009042817619053,0.9790982356394218,-1.000471984870763,-1
-1.042305832185922,-0.9587015018685342,0.9994029685360695,1
-0.9746826578231151,1.007278565803456,-1.004935951400906,-1
-0.9602204122749189,1.009446584306311,0.998733943197613,1
-0.9998059257027959,0.9536096557453002,-0.9601406876555232,-1
-0.9739509184585766,0.9537262857026628,1.048361047533277,1
-0.9682413723947514,1.038747108106542,-1.031220467964287,-1
-1.038238228670081,1.035048999487806,-1.037767050302585,-1
-0.9555750888541613,-1.048912502818554,1.049980959998198,1
0.9823317089762889,1.021881166412052,-1.015986625189161,1
1.001292513625034,1.001964254904073,-1.045063501513358,1
-1.038961402950543,1.017823030970029,1.025033525437554,1
-0.988422821344532,-1.015171388137473,0.9745933556596289,1
1.017617727884725,-1.044867996964832,1.032087474478344,-1
-1.049132926243053,0.9800900484239162,-0.9927560905794387,-1
-1.010949495596525,0.9628937871598576,-1.027290103339894,-1
1.005536980550943,1.018626477448768,0.9703922854396519,-1
-0.99377652774086,0.9838342256505535,-0.9548820447048086,-1
0.9738616003508423,-1.00341092350325,-1.04953840569331,-1
-1.027060587195683,1.020734590421539,-1.047132015504236,-1
-1.008961960709624,-1.04425129020509,1.025887062274243,1
-0.9797322750413813,0.9963451811405118,-1.04375428274701,-1
1.01033723197851,1.018312708164986,1.048351068614807,-1
-0.9934069621067276,-0.9564844839367933,-1.004073341204018,1
-1.005923367607065,-1.03983528117027,1.045044761325562,1
-0.9546927872809648,-1.0425415402855,0.9931916018053489,1
-0.9709203390458743,0.978986653564676,-1.030436951295422,-1
-1.048358884053054,-1.020371199929846,0.9724771530191625,1
-1.018354529897666,-1.008409982055955,-0.9535655988931978,1
1.024648870399973,-0.9703029503460476,1.037563845629487,-1
0.9710085980155951,0.9608902435354895,-0.9852624352216951,1
0.9613486359894969,1.036076029852585,-0.9632096853921932,1
-1.032762688306389,-0.9552038463928436,1.030603632306046,1
1.016459124464568,-0.9820886380432839,1.014449580756943,-1
-0.9676646993019015,1.015979426564027,-0.9526297193957546,-1
1.021166392370341,-1.047909343116296,1.022121982787305,-1
1.012495796613036,-0.9785887829601926,-1.018706152305197,-1
-0.9971484495198532,0.9733002072255775,-1.041095925353625,-1
-0.9847962295795333,0.9525205788287749,-1.020860486543167,-1
1.041658920620323,-1.017667016842047,-1.021571386958714,-1
0.9959101773343438,-1.032694358188277,0.9864090264498702,-1
0.9890096735884492,1.032884167078373,-0.963210908474081,1
1.04368233866703,-1.036893601104081,-0.977872877470266,-1
-0.9731530914656012,0.9717052138152613,-1.019787707114861,-1
-1.035792183867009,1.019631099041919,-0.9984340309964113,-1
-0.9867731853352815,-1.023637304730089,0.9905008579796097,1
0.9916357591228314,1.016354512711726,1.026420598410939,-1
-1.02594876997867,0.998855011834906,-0.9810039457352643,-1
-1.037308816873989,0.972743021157905,-0.9991465914822647,-1
-0.9927369212184236,-1.004158918500523,-1.012703362238332,1
1.028689417229471,-0.9888964506315797,1.040572949725784,-1
1.023789395225533,-0.9822305285260886,-1.036152195626428,-1
-1.038316369564118,1.006432587855043,-1.012407316865005,-1
0.9722479936029358,0.969538570836047,0.9506194579874127,-1
-1.013323045619815,-0.9882463489882293,-1.040645647240803,1
-1.030195721863026,1.040236480291761,0.9930497144685557,1
1.000062268776132,-1.034713530827252,-1.046013540013208,-1
-1.007795797440947,-1.043965341985447,-0.9683561668786891,1
0.9825930791208151,-0.9737205994935991,0.9503766330484676,-1
-0.9583177606952958,-0.988618328145031,-0.9559397297730754,1
1.004536422620038,0.9841771586998195,-1.011487456379468,1
-1.04001565906173,-1.009675365836496,1.023289164366443,1
0.9618341841243083,1.011741860616879,1.042799168573733,-1
-1.015503754560327,-1.014953101131277,-0.9794656676676892,1
-1.004242415989127,-0.9822589625900264,1.043469746763006,1
1.010176426963143,1.020020059957899,-1.038349377522345,1
0.9501742631334614,-0.9722777989249827,-1.025483137389314,-1
0.9635076237877075,-1.001885559183476,1.045787015144714,-1
-0.9510565281784962,1.002313696852574,1.001786182410754,1
0.9572294683482477,-1.00712154881975,0.9759561634495495,-1
-1.014759780943491,1.032227383983759,1.001796224483876,1
0.9852759738216036,0.9662646818920372,0.9662551810894616,-1
0.9937841286298505,0.9595973827313994,1.023085883355451,-1
0.9606286711071257,1.047720279073297,-0.966802583852874,1
1.044331116702214,0.9670463581763731,-1.041261132197881,1
0.9732910196689524,1.042708438267963,-1.045328082504729,1
-0.9529715118591848,-0.9809435936418593,0.9710093402794778,1
0.994348227697014,-1.008693981436104,0.9810938692184231,-1
1.008766165877764,1.006529131831647,1.040390209863966,-1
-0.9874275480058226,0.9694950628516171,1.042127225217991,1
-0.9679269109720932,-0.9626893975842284,1.011526237036615,1
-1.014866665044061,-1.018399483333313,1.023342331158833,1
1.034125539812487,0.9609494034245339,1.030673447046991,-1
-0.9941877367845157,-1.003680737363967,-1.035635706045221,1
0.9703161644055364,0.9821545830844087,0.985468641673124,-1
1.039934857043968,-0.9548963210901881,1.008184138775005,-1
-0.9910876825815816,-0.9900118093443214,1.045082753669596,1
1.045746691686296,0.9989605137537394,1.021921940888152,-1
1.023412297648273,-0.9721578925795002,-1.016460985263665,-1
-0.9833572197998058,-0.9644900832372263,1.04138876303522,1
-0.9989588967859693,0.983424293195066,-0.9510019889868363,-1
0.9595464646607911,0.970241162292924,-1.00475869598535,1
-0.9907193597092647,-1.041992095139508,0.9935310212970033,1
1.044309343599536,0.9829075972679908,-1.020779755167918,1
1.023762166136537,-1.010895262228551,-0.9508275504352895,-1
-1.048605585731129,-0.9825757880155958,0.9948431872614617,1
0.9760809854037094,0.9787424911228439,0.9683060714019102,-1
-0.9970487176913685,1.043272445986801,-1.041699605062418,-1
1.022604062791282,-1.049461840158542,0.9698266466935856,-1
-1.035383267936938,0.9577463542116419,-0.9955599244376466,-1
-1.042320614332454,-0.9636922687881514,1.036834466230711,1
-1.021371408248028,0.9929553602412158,1.005978721213596,1
-1.007726225380838,-1.036709959654639,-0.9519459165075886,1
-0.9660816900738617,0.9507254949304452,-0.9873720354507057,-1
-1.040687093567587,0.9710097202338844,0.9741078220324243,1
-0.9534604694346295,-0.9538130516359443,-0.9629401273635466,1
-1.043871234784223,-0.9813291529237927,1.000764479327811,1
-1.0190518833084,0.9732858185795989,1.043038867534897,1
-0.9799526790199384,-1.028268309135588,-1.028778832386175,1
-1.006384439786529,-1.049377396333915,-0.9758748635290013,1
-0.9748122638785702,-1.036690278636978,-0.9962577652229857,1
-0.9903530589375326,0.9640479940717387,1.02886877869361,1
-0.9900452497542263,-0.9557661406081553,0.9840266823860527,1
-0.9852533338674538,0.9828256226008064,-1.010343645099765,-1
-0.9963038042471193,-1.0117696409696,-1.047674398590445,1
1.009280937232543,-0.9647500674454359,-0.9695379624807582,-1
-0.9921980214228862,1.042710034684354,-0.9584016489136092,-1
0.9598882123316146,-1.033517860534668,-1.006666743705438,-1
1.025004301774033,1.013897043344632,-1.027070353967773,1
0.9898550171204781,-1.008774737849223,-0.9767890818975068,-1
1.034665418347811,-0.9985457516481775,0.9875952615479056,-1
0.9616407173565903,-0.9996390780239858,0.9724492107646268,-1
0.9811934972288286,-0.9996359067966442,1.004907179256132,-1
-1.00336937192126,-0.9935422570760989,-0.9965446795597339,1
-1.045679390455841,0.9988564222438061,-1.043068362802835,-1
-1.002981277395593,-1.032331727505623,-1.010026921815242,1
1.031294421243326,-0.9630810747412576,-0.9917490983995907,-1
-0.951859618233175,-0.9867112848707299,-0.9810010606622755,1
0.9881498779163316,0.9592377915045416,1.029123275193402,-1
-0.9600462117067204,0.9867886974825033,-1.034144761227157,-1
-1.046415341405272,-0.9799284620859962,-1.030617523817828,1
1.03086917937615,-1.002849592710181,0.9919309186985638,-1
-1.036822541920159,-0.9598360258269174,-1.007170247781026,1
-1.004605669159971,-1.035443350812888,0.9707466494580221,1
-0.9665699001957875,-1.007339924781678,0.9662108300504653,1
-0.95781419290734,0.9772982539023812,1.002724314382139,1
0.9552659189498324,-1.008151349320038,-1.006019946667403,-1
1.04087751471457,-0.9899391500122764,0.9831686524087051,-1
-1.003801635155445,-1.010066016990363,1.002624500932422,1
-1.002054546105922,-0.9504040923998015,-0.9609505683524812,1
-0.9855095352222013,0.9641794152346495,0.9645730597508148,1
-0.9735561399574163,-0.9636929270321579,-1.01046256664131,1
-1.011346947668799,-0.9784895290182268,1.047831232667009,1
-1.041163507896774,1.027205397866282,-1.018909055519315,-1
0.9604073587878793,0.9916231971968932,1.034900603627012,-1
-0.9787108309902047,-1.043105384002575,-0.9665222438320306,1
-1.037414873941104,0.9791822499003766,-1.036114265635442,-1
1.043080805082586,0.9501306013028624,1.02880090527866,-1
-1.040626047870919,1.008384379224927,-0.9814574043936101,-1
-0.9739106371153602,0.9673767550381062,0.9913775748576911,1
0.9594607338014505,-0.9747891314374664,1.00762849467143,-1
0.9962125855705178,1.041714454830138,-1.037589384999679,1
0.994457347767106,-1.015925391517636,-0.9773631424360509,-1
-0.9650093624813175,-0.952781848886441,1.046989359629468,1
-0.9552861144616736,-0.952783039191757,-1.018361765291304,1
1.022233894152296,0.9802192589575112,-0.9817356485114938,1
-0.9904211719457805,1.012187824756207,-0.9863837418470577,-1
-1.048926972506319,0.9770359374852713,-1.000721779595014,-1
-1.028673952427896,0.9638355023482061,1.031871365681746,1
-1.03702957485219,-0.9970869520491069,-1.02957278104968,1
-1.024284794602951,-1.036376488779206,0.9833291818258709,1
-0.9631460683780663,-1.049778946555443,0.9632390106042665,1
0.991960823024911,0.9738262567638722,1.007444908225004,-1
1.00056344848807,1.02791020472751,0.9896078862734569,-1
-0.9521845503904942,-0.9797545888315875,-1.015857310578724,1
1.045925688912084,1.001751572463553,-0.9904968127181938,1
1.003435860657246,-0.963706724843131,1.005839454742507,-1
1.017082749906145,0.9562070838390642,-1.008631072656882,1
1.028378708839178,0.96435689146982,-1.006262134623722,1
-1.025177258537194,-0.9761932971725804,1.017648361168404,1
0.9520699975583389,0.9915167815138076,0.9914356692444112,-1
1.006904477606891,-0.9526563749477268,-1.035224808546616,-1
1.007371482111411,1.02793961217979,-1.042978690908549,1
-0.9616108434399366,-1.019416467003124,0.9578044929867375,1
-1.028377844895044,0.9521696790792867,1.037756694154114,1
-0.995248238010095,-1.042058206452253,1.042734748271235,1
0.9734983161138485,0.980498162754782,-0.9811632118177515,1
1.013318709277857,1.046077636872799,0.9912186068076081,-1
-1.038920430836759,-1.044118475786472,-1.029598520984951,1
1.024865856880633,0.966406139008341,0.9769851350077552,-1
0.9598282280104795,-1.037400280018259,1.045743825566607,-1
1.046385015136546,0.9987196962335672,0.9505717010960212,-1
1.000554615638865,-1.041067657846122,-0.9808085178029188,-1
-0.9526955357399938,1.044002192590251,-1.0044063619064,-1
0.9622967656177192,0.9864443289265886,1.049489311523691,-1
0.9765393725136707,1.049497097459064,-1.045301974299407,1
0.9642331631874046,-1.029835654995277,0.9814120350978793,-1
-1.026375289260469,-1.017467208314479,-1.024587672805313,1
-1.021364136295436,-1.013054439764618,1.014297801516433,1
-1.009018215756026,-0.9608704057412989,-0.9968115975983879,1
0.9819998912105783,1.04624218889542,1.026973843433767,-1
-1.012769266487103,-0.959867985672617,1.004978078816869,1
-0.9836004491172944,0.9616824226807688,0.9724431117394534,1
-0.9525943169691451,1.04589015361921,-0.9876461001369577,-1
-0.9750344187415019,0.987638065909087,0.9952016575926437,1
0.9992604113525225,-0.9504742565334739,1.011857269415092,-1
1.026295550818536,-0.9553013634035242,0.9537557195805678,-1
-0.9601106236615179,-0.9734337586089289,0.9671079086102178,1
1.001401906427902,0.9725820383261242,0.9861046931271948,-1
1.002614598872759,0.9652419977625767,0.9702942310894276,-1
0.9723202881564651,1.011209559686396,0.9556643829952374,-1
0.9546378752526096,1.031105937715127,-1.033882052082489,1
0.9830373914535516,1.022485148288019,-0.9779010366102054,1
0.9832409247734982,1.007193623794173,-0.9932284273059074,1
0.9857411110224453,0.9737183439641335,0.9825466674898795,-1
0.998577072723416,-1.027639970432175,-1.029734890940575,-1
-0.9781107577631092,-1.022384752381103,-0.9724843660262239,1
-0.9810484267854335,-1.032409200069904,1.002112736629955,1
0.9704332526646491,0.9759094568762772,-0.9978192394933272,1
-0.9849609439459627,0.9921687885410146,1.045657171893475,1
1.047236033310654,-0.9767666565733023,-0.9911499162986306,-1
-0.9639955379856417,0.9699477022964496,1.043574163722712,1
1.003506697450403,1.049543143816508,-1.029053460594215,1
-1.035907014871507,-0.9550408780095047,0.9552825148754027,1
1.012082014503327,-1.034270672724385,-0.9996194134263268,-1
-0.9917489959596003,1.043528783872592,-1.026345093106844,-1
-1.017239454141684,1.033519306228626,-0.9943993016830428,-1
-1.013136851142174,-1.047975536631849,-0.9987472733007909,1
1.024737225378803,-0.9790760340361333,0.9666365775292057,-1
-1.022499374095869,-1.04982073788931,1.008539741419741,1
-0.9656728576649443,-1.047513049691378,-1.035789356459174,1
1.039087010527281,-0.9801680636751571,1.042008315273913,-1
1.010418881526617,-0.9664601766987472,-0.9603819593079747,-1
-1.032542746250428,1.04686066942439,-0.9851658950054476,-1
-1.037856676142413,-1.00369476695883,-0.9849142594558196,1
-0.9968753522341105,0.9580409200623551,1.009354712548088,1
1.025357300199351,-1.01269623155884,0.9848726864052196,-1
-1.022345586867423,-0.9599357617106236,-1.01079992937146,1
1.041759790661218,0.9860651503050629,0.9962476555984355,-1
-0.9821103773762081,-1.025714316800563,-0.9660476668505423,1
0.9501417337632284,-0.9605914797065804,0.953372312958493,-1
1.017897299943216,-0.9770094241170587,1.033696243663081,-1
0.9948713992755827,0.9949249465698387,-0.9712191934508481,1
-1.033075430480595,-1.020159175991066,1.021899252386664,1
1.019960388115956,-1.030872069943236,-1.009183639064459,-1
0.964620755040408,-1.021820143980237,-1.040951491973772,-1
-1.000274916619204,-0.9540202104085749,1.041372243339507,1
-1.000590481784971,0.997975701113504,1.019146512541616,1
0.984377250566417,-1.018700521058284,-0.9695618108582684,-1
1.011257829418072,-0.9624360531523758,-1.016602340021916,-1
1.000788268859484,-0.9963827962828713,0.9952522135311432,-1
0.9909329652808782,0.9679917409175199,0.9659780975919627,-1
0.9526958871718347,1.00102440150569,0.9721076182078108,-1
-1.023243972248857,-0.9810767654485957,-0.9719506234127361,1
-0.9746649692717814,0.9517285243631761,1.04591888005824,1
-1.035453368773304,-0.9967149483223626,-0.9569306954311595,1
-0.9553614000283047,1.033964161363151,-1.02463770924263,-1
0.9570091379109462,-1.026714409204379,0.9713974479514952,-1
-0.9999163051865634,0.9916858639275427,-0.9992340395579935,-1
-0.9664440435575018,0.9695516171212393,0.9683097828121835,1
-1.001647000095597,-0.9809722371935519,-1.005652158264819,1
1.016627223486397,0.952176420242836,0.9808242052160109,-1
0.9994026119426621,1.031664138974735,0.9537973273070174,-1
-0.9786032263270151,-1.018516198941528,-0.97943129609529,1
-0.9916671449333672,0.9679643109176149,1.033622008077344,1
-0.9890961953044717,0.9682375333254272,1.007719703789448,1
-0.967151134562605,1.004820588497324,-0.9784487790487005,-1
0.9521808477490419,-0.9936279754511094,1.015907081735729,-1
1.03865776998383,-1.0024630488019,-1.005963396950283,-1
-0.9619578981492906,-0.9997027032155008,-1.010914083150223,1
-1.030120637810032,0.9986348800303992,0.9911311389207255,1
1.036322136983436,-1.020816638558791,1.001814105139321,-1
-1.023053128577254,-0.9647043093203659,-0.9798725966352689,1
0.9707922956959735,-1.020606944006575,1.016208270568356,-1
-0.9879193839064847,-1.010786875663683,1.010184560280039,1
-1.036220881203075,-0.9876563671517077,-0.9937657246169392,1
1.010042738973177,-1.030463730994344,0.9841520692003645,-1
-1.020630760966127,-0.9646539445417229,-0.9620339431391771,1
0.9659185287576191,-1.045499982412885,1.025520973760722,-1
-1.002152135449056,0.9831781937276269,-0.9679628542492963,-1
0.9916124363720481,-0.9840642806945673,1.003462675097244,-1
-0.9842497627594632,1.016420851833415,-1.030301600250443,-1
-1.043559641873888,1.02267937621597,0.9669896522870695,1
0.9647351366033505,0.9868401170098267,0.9567709812903039,-1
-1.034205035030033,1.028627145630356,-0.9513820113247761,-1
-0.971038840848079,1.042654649558388,-0.9542062448105719,-1
-0.9706409627024501,0.990460578632974,-0.982579334200909,-1
-1.032785253358669,-1.04632880802723,0.9590046576735135,1
1.014095711963823,-0.9765542681954112,-1.012857607201116,-1
-0.9685548992740434,-1.048892438950722,0.9705901313133974,1
1.016411713949332,1.032318704735241,-0.9878543757170002,1
-1.037351107861899,0.9598432052221553,-1.041114260532143,-1
-1.043841577607372,-1.045918537521824,-1.013484904150289,1
-1.021766455904866,1.039013860457817,-0.9777678118053568,-1
0.9516741623284189,-1.032204799430805,1.00247535581087,-1
0.9879424250946484,1.032370011966731,1.033578250118741,-1
1.013101289622951,-1.013309116705334,0.9939522164274561,-1
0.9734317244385439,-1.045539537887933,0.9553985863300678,-1
1.037164794459469,-0.9755547040551845,-1.005410208890147,-1
1.046413891405343,0.9967504800324715,0.9658374102124518,-1
0.9962479035051071,0.9716497270667039,1.034739056447196,-1
-0.9519790196359192,0.9745850180782633,-0.977478530117841,-1
0.9915607979839149,-0.9523683441350406,-1.007958853459814,-1
-1.014696881208339,1.02929760857657,-1.039859920483469,-1
-1.008998126815984,-1.036443958491942,-0.9954246721913624,1
-0.9704924157240418,1.005254589863931,0.9591572505547065,1
-0.9684800850830043,1.045563709219626,-1.009819037670554,-1
0.9991366847986879,0.9652023484499151,-1.038698953584393,1
0.9892138521601153,1.035394132325189,0.9987113146992094,-1
-1.034400322199283,-1.028136199419805,-1.024997354569663,1
1.028704583993618,-0.98579756789679,-1.035567628100343,-1
0.9622627414031262,-0.9669002321658187,1.036390158618884,-1
1.049191765267235,1.018339378794481,-0.9881320566800166,1
0.9543715567604839,-1.012071101694842,0.9911035520269093,-1
-0.9762942678498259,1.013393335081855,1.044107869145141,1
0.9507712640321461,1.0133224127951,1.001355616724016,-1
0.9518828881758138,1.039731827895262,-0.9674203534904529,1
1.028514335358386,-0.96802869701663,-1.028973480007919,-1
0.9850737833481924,1.041067698134466,-0.9782460696803809,1
-0.9513347749595,0.9556235361387553,0.9597804352506089,1
-1.009479862491869,1.020854748947642,1.036610172791645,1
-1.019757552949439,1.003881757220822,1.021189359339592,1
-0.9837825410736792,0.9905118432012318,1.028743190233658,1
0.9832828621176115,1.010956552763134,1.007480890576488,-1
0.9737713849067453,1.023901226054887,-1.001769360900891,1
1.010135364707709,-0.9742891352204244,-0.9821608097385705,-1
-1.012117141196074,-1.002639981837449,-0.9852670672364232,1
1.022437925407873,0.9565251148851618,1.021295342444331,-1
-0.9715524492040969,0.9563183099466275,0.958470236310485,1
-0.9684901471102804,0.9853397193301001,-0.9845077316987867,-1
-1.023498398582013,1.030372712835213,0.9937391650027467,1
-0.9649707549768342,0.9663597386666301,-1.00436903393429,-1
0.9663593833416919,-0.9871312339960072,1.048982159306,-1
0.9746293845057604,0.9753177582003877,-1.028974858140448,1
-1.021285028031368,-0.9706886939766898,-0.9811028352788584,1
0.9996926484121568,1.010780158116926,-1.037904315021758,1
0.993436271533862,0.9635894731580376,-1.048966080089593,1
1.039284741923413,1.043324670140862,-0.998464265835737,1
0.9536407568428704,1.012202872186417,0.9586544701808661,-1
1.00355108610076,0.9570982138987211,1.020443754262603,-1
0.95826136711208,-0.9945398567626872,1.00281824621221,-1
1.026328602298348,-1.046079652079226,-0.9867671220648303,-1
0.9847529325037363,1.036757206230193,0.9632967363485117,-1
-1.002477499214006,-0.9507943308436277,1.014331715126023,1
-0.9652666331654852,-0.968481711990728,-0.9845980252867932,1
0.9625699529284703,0.9565106962299647,0.9715380298139539,-1
0.9779417898127193,-1.030070715307221,-1.033288144560776,-1
0.9698217336268032,0.9689846578559185,-1.032780067295296,1
-0.9899721260022942,1.038862094058037,-1.04881265666498,-1
-1.039504656068114,-1.011762840634042,0.9577911462132345,1
0.986137363500683,1.043784002125275,-0.9797755087263728,1
0.9994693177286396,0.999393311038688,1.044008540995062,-1
-1.012592202968307,-0.9870669407933433,-1.004572334642263,1
1.043481355419765,0.9597602822316555,-0.9576569169658466,1
-1.027582709297952,-1.04714161408156,-1.01607121253891,1
-1.029336812373504,-0.9809781791760045,-0.9677794862838875,1
0.996195905156382,0.9960252931370401,-1.023954577721761,1
1.041254358460739,0.9854372570634443,-1.038890070585377,1
0.9612600296772301,-1.017103516264804,1.021224226053314,-1
-1.04050456440107,1.034117721647001,1.03758661800439,1
0.9525563887589007,1.049841259019289,0.9927508970275203,-1
-1.026121255917513,-1.049818416814073,0.9523157264183083,1
-1.02861301203145,0.9911199525842898,-0.9622213304748142,-1
-1.007622795085962,1.001975290072226,-1.044567025613047,-1
-1.039360968177313,-1.031343584366126,-1.017775865085754,1
-1.031315688188708,0.9937852748122006,0.9974798908344669,1
-0.9767436598834015,-0.9726517062137851,1.012231287054857,1
-1.033976588979804,-0.9834695566432756,-0.9547458671489241,1
-0.9786175962151648,1.012983189787485,-0.9961624327621872,-1
-0.9639763053966877,0.9855095731469026,-1.02756037075213,-1
0.9544689162968372,0.9933306077710913,0.9969967508952651,-1
-1.001347587455657,1.038634766274564,-1.003888166492281,-1
-0.9971596323774118,-1.025147335496955,-1.019590945596908,1
-0.9896277797813641,1.00541531517288,1.013972571510255,1
1.022602033637844,1.027917767015705,-0.9860729757951038,1
1.03623838866831,-0.9892257477915538,1.047527461208228,-1
1.00095719125412,-1.009044786675217,-1.008895433232225,-1
-0.9590726345511135,-0.981170732125674,0.9908339945768785,1
1.036661097202889,0.9674650947787999,0.9851603699739594,-1
-1.049689074832089,-1.048347338644221,-0.9848726729664142,1
1.018757620651443,1.031083291985321,-1.023702477543803,1
1.027418460930339,-1.037453390627272,-0.954730679185353,-1
0.9985776074051415,1.001586227827966,-0.9626381525625146,1
-1.019354488775172,0.9753759611061559,-1.048638917463898,-1
0.961908566614762,0.9871318966020218,1.000028129917224,-1
-1.024300843130753,-1.047218280724525,1.020119187219295,1
-0.9780409454425933,1.044566799755188,0.9783598621544868,1
1.04718300452074,0.9929953491892406,-0.998803929361505,1
0.9516332221239828,0.9524085197743998,1.011279025210294,-1
1.035392463328275,-0.9665371419330142,0.9506080072238058,-1
1.037480291583843,1.005587177829692,-1.021900641199502,1
0.994609736116457,1.006668694904229,1.039842401861187,-1
-0.9570053199232333,-0.9821716294249129,-0.9969300962771296,1
-0.9545817275161673,1.023812579878598,1.046971683604401,1
0.9559213538622745,-1.044718446143341,1.010850631798445,-1
-1.015493117496816,1.034911468496297,-0.9845710981338331,-1
-1.016759166518374,1.041434394392511,1.012160310600904,1
0.9925531310931632,1.042185562645657,1.030079353652619,-1
1.023822742488054,1.038412841674102,-1.018725396865442,1
-1.038348954997931,-1.005856051579235,-1.038957761041078,1
-0.97728539963093,1.001455114504421,-1.044399546801428,-1
1.022890776803626,-0.9570903355428276,1.032547705237264,-1
0.9596367998453016,1.024614550014711,1.048976930444799,-1
0.9843438920596594,-1.038171088652383,-1.045334671086928,-1
1.009591699914299,-0.9994791227992729,0.9595566053214417,-1
-0.9945501803893387,-0.9555077766042347,1.020014660577727,1
-0.9530474200007766,-1.041614978002516,-1.004806833992547,1
0.99255886861734,1.042717304494983,1.024204097248511,-1
-1.001868159401907,1.017042274230817,0.9970319985663794,1
1.019432126058563,-0.9857118444556267,-0.9757240887092751,-1
-1.003628631757503,-1.035744218146469,0.9905728045438212,1
1.019391270387735,-1.038396884867053,-0.9635064068768329,-1
-0.9687465285978564,1.006059582177695,0.9916879668804996,1
-0.971174903400181,0.9534577981468717,0.9572365621738911,1
-0.9658980300321185,1.017904996803812,-0.9846598395625367,-1
1.0258267882991,1.035131288951926,0.9862079416493676,-1
1.030700179805595,1.001048447881136,-0.98666461834418,1
-1.021883119276853,0.9970969716780953,-1.032273769723585,-1
-1.043056493336977,1.008174683944485,0.9993855949121673,1
1.038968560273379,1.043999137990233,-1.047915727332154,1
-1.001061747834395,1.024409452506011,1.005412147727505,1
1.012051985221498,-0.9880412021542695,-0.9680457129312072,-1
-1.035067660763074,-0.9898269495095087,-1.017005824222089,1
-0.985584156906343,-1.015550314476158,-1.021112328777182,1
-0.9629801888769449,-0.9999573195990387,0.9682946256901814,1
-1.029008582557945,0.9885030581140382,-1.032459245933789,-1
1.030565474328626,0.9614483864658443,1.010946914003792,-1
-0.990207942423769,-0.9738450874774056,0.9783460461964695,1
0.9799840667140732,0.9783496122712216,1.005561031369749,-1
0.9501867086616124,1.018127238158854,-0.9505248558563208,1
1.041354848039503,0.9713378122358745,1.047789735501676,-1
-0.9755600302520019,1.043612361407422,0.9929962125165855,1
0.9956384347655236,1.011069321020414,-0.9782560325247565,1
-0.968684888665181,1.015504015416459,-0.9695443935012166,-1
1.013990611159487,-1.002606680581585,-1.037489989763576,-1
1.030435152492775,0.9910957897197715,-0.9681501638043603,1
-0.9735678259825078,0.9923887239484976,0.9755209987512028,1
-1.043851915315272,-0.9722294905314306,-1.003839490818218,1
-1.008082061369112,-0.9542975633043345,0.9586449467645168,1
0.9786002415166164,1.03844684779322,-0.9792008293659652,1
1.003369746708935,1.034644164884425,-1.036706395817387,1
1.03585975739378,-0.9863406026086424,-1.03891770066328,-1
-1.007714295773712,-0.9600451681999712,-0.9607611137142701,1
1.033039385921445,-1.004694037903039,0.9989796065682401,-1
-0.9871610607325471,-0.9662449951880535,1.01805130883945,1
0.994156074001836,-0.9878717742517497,-1.020783221635125,-1
-0.9955696735998331,-1.030946134748565,-0.9652354059363951,1
-1.002076516667938,-1.004263058804666,0.9884314976257956,1
-0.9818744194247454,0.9705289271355766,-0.9816948101722025,-1
-1.000525404513325,0.9787189533835785,0.9528266187901313,1
1.026112186787274,1.030949003967385,-0.9529898591886395,1
1.038214079877372,1.020438593916073,0.9998313937484351,-1
-0.9589164239287953,-0.9667134420201862,-0.9609501191769337,1
1.012386111567553,-0.9651887138360277,-1.001382628493281,-1
-0.9796862106599952,-0.9893399367897746,0.9921137528927926,1
-0.9644723478647483,1.044622242903253,-1.049190196219804,-1
-1.019361498833516,1.04071597620711,0.9806514215067574,1
1.023638273962665,-0.9733537658891365,1.005067715648698,-1
-0.9823448798604028,1.031610622857836,-1.044020988728798,-1
-1.046390225273713,-1.027276692021422,0.9914447486653177,1
-1.028277473579145,0.9604218083802275,-1.037402974097622,-1
0.9570671081861503,0.9967569229796609,0.9647641588482838,-1
0.9814551890550952,-1.026497045854152,-0.9774463294995189,-1
0.9745372467230959,0.9822255490542484,-1.03234009278772,1
0.9786383371658608,1.040049792929221,-0.9873030037718747,1
-1.006740840051211,0.9810926232353527,0.9623838319122024,1
-1.045770360763475,0.9823258987752889,-0.9597682164106035,-1
-1.011610164083825,1.004766621784831,-1.043488263080784,-1
-1.047959066717552,-1.005537776401846,-1.002413889363286,1
-1.035071921191053,0.9632808702889278,0.965237537563309,1
-1.042512540790013,0.9549329487668347,1.034524965288782,1
-0.9946085400732521,1.037411089818663,-0.99874628003511,-1
-1.038103831504364,-0.9650132639459491,-1.005444112539534,1
-0.9936791979319026,-1.006712707006814,-0.9710779168607283,1
-0.9816035747100872,-0.9829427033449849,1.013798711367682,1
0.9889898628479662,0.9852124067655299,0.9993090548041295,-1
-1.044918257697854,0.9685765666731011,1.032103408421308,1
-0.96729841039994,-0.9722944553770565,-0.9688951828728498,1
-0.9911989496318426,0.9821351535883523,0.9925003048447137,1
1.032690397395349,0.97883505323386,-1.037615262834423,1
-0.953008434620752,1.032001482595549,1.02003651670285,1
-1.022833355428045,0.9512687663284097,0.9882447176125453,1
0.9779608818034033,-0.9888512949246199,0.9625544926844302,-1
0.9515278065051822,1.007272565430046,-0.9820048734497128,1
0.9677181210461413,0.9644962478849182,1.033188937003358,-1
0.9703646404471411,0.9531232265568164,-1.024940033491395,1
1.007293577978243,1.044921759235512,-1.026026822193456,1
-0.9988772366447282,-1.032475637626794,-0.9895916177701627,1
-0.9521215555653414,-1.044726957437603,1.039368647471403,1
0.9887772149397794,0.9837482629241213,-0.9817457913448779,1
1.011558278444179,1.043944130541355,0.9708514241121707,-1
1.034845598793923,-0.9950799175989173,1.046822825794766,-1
-0.9582789437639246,0.9722078274169212,-0.9518113827178305,-1
0.9832813777408113,-1.006696591939502,-0.9965553716642268,-1
0.9597354774338802,0.9827919279445614,-0.9943090443901436,1
1.003993091263077,-0.9662112630867566,1.034127278807931,-1
0.967026430538159,-1.000056624320367,0.9691842545488194,-1
-1.026553392281598,-0.9744449596145947,0.9722257427273356,1
-1.031983660528394,-1.001847305692092,1.002671395392644,1
1.043149833654799,-0.9656825854671447,-0.97306118341889,-1
0.9522949148752882,-1.007184955517868,-1.000772383134353,-1
-0.955785436796559,0.9539357689527986,0.9901468342655,1
-0.9839908445243241,0.9994101858966227,-1.041355635027018,-1
-1.04370171005805,-1.026479623683731,1.013702386403125,1
1.04115000190909,-1.01612606734808,1.00574816035438,-1
1.01224285055736,-1.016634768703183,0.9796969974670918,-1
-1.030917373210523,-1.048758718050473,-0.9782691985194724,1
1.044213651605404,0.9814705402998107,0.9885919067685383,-1
1.000427360881622,1.040664555961826,0.987383214170963,-1
1.026073264460539,-0.9662875454148764,-1.040975451927347,-1
-1.023012314844364,0.9596194756668625,-1.040052873702112,-1
0.9501417994361615,1.008990219942471,1.011235182439376,-1
0.9854367326944792,1.043532226328573,0.9719234772328454,-1
0.9955261306001166,-1.034689119448341,0.9940592258590183,-1
1.001612254812694,-0.9812133196081886,-0.9850132778700852,-1
-1.01041242098861,-1.002094775443647,0.961764723091983,1
1.02972189177672,0.9871229051122181,-0.9553375723983885,1
-1.002512788415617,-1.012397624193387,0.9535299278642851,1
0.98207895804895,-1.040858665513853,-1.014085502484937,-1
-1.040840890363006,1.038379818702408,-0.9707342120079221,-1
1.004747877736655,-1.003558480556793,-0.9503794087319222,-1
1.024953091398497,1.040319588437559,-0.9781575266985617,1
0.9779483522558009,0.9716884977553446,1.020706050097847,-1
1.038007407687587,-0.9815583943049172,-0.9567545016584297,-1
-0.964767312781559,-1.039194774971052,-0.9911427080963902,1
0.9603901953467057,-1.017635305248591,-1.047326639818442,-1
0.9642511458200673,-0.9752725425426123,-0.9834095950358132,-1
1.040902444623273,-0.9610333666322073,-0.997233417808707,-1
1.004386095022017,-0.9660756650168149,0.9529338254960535,-1
-0.9956936971676671,0.9980764709925253,-0.9705840714572324,-1
0.9675791095615471,-1.046164755507489,-1.030195160441447,-1
0.9674309708405993,1.023634124900731,1.017950514790189,-1
-1.011965993828867,-1.00430946603881,0.9590576240837282,1
-1.006347542398227,0.9806532689114591,-1.048231595437349,-1
-1.025518683076302,-0.9913427924947774,-0.9900929718674154,1
0.9847707927715588,0.9502720196567965,-1.032264736905886,1
-1.02486037203632,-0.9584016635963234,-0.9966490998584653,1
-0.9744604944547354,1.021314122468223,1.037866967219803,1
1.002617400520673,1.04930460077281,-0.9824573679384191,1
0.9774941403834702,0.9633031451078057,-1.023617714006603,1
0.9816990501527985,0.9848930228893635,1.011530152848592,-1
1.005086464599323,1.041324092061348,-0.973247880873976,1
1.033684417692454,-0.9757484929993075,-1.04349272224759,-1
1.001576916990635,-1.039221000547283,-0.9789035769846151,-1
1.027751488157181,1.01976411606735,-0.9667300936532072,1
-0.9805479893056275,-0.9608912680088143,-0.9559774537943739,1
0.9963956319236954,-1.014225509432159,-0.9869346166903152,-1
0.9837671281139327,-0.9913044856899625,1.015244205546173,-1
1.018045954186911,-0.9567366881723693,0.9700340465686,-1
-0.9741790629374003,0.9511482158780131,0.9830677082194978,1
-1.014675112791471,0.9748838789560826,-0.9612087777066145,-1
0.9819588126002591,-1.01269886661374,-1.025695811493674,-1
-1.036718883421086,1.030113799497479,0.9881544781785402,1
0.9843084153902466,0.96636945110614,0.9672621414959299,-1
-1.023840276316696,1.01203846790678,1.02129830281226,1
1.01283937151527,0.9618513197030139,0.9858781922098808,-1
0.9860802157218741,-1.041188934699078,1.002498197179289,-1
1.004160156005405,-0.9738610979869041,-0.9651301767332666,-1
-0.9573688929896836,1.002575767857067,1.004475903413956,1
0.952412298634203,1.015787104456656,-0.9845458265069306,1
-0.9527213159253863,1.038826773409018,-1.046396340253236,-1
1.027298716415789,-0.9725299228121354,0.9777545255027676,-1
-1.045016260556582,-0.9760091151206558,-1.009665685824471,1
0.9851431654554006,-1.02221314784956,0.9936293478440171,-1
0.9613865206847748,0.9880566709716636,0.9958393545910926,-1
0.9709238768278559,-1.041278614678636,-0.9559191236387613,-1
0.9659448864732085,-0.9716768833674692,-1.019779638786912,-1
-0.9898564048072129,-0.970378434190674,1.001341096733943,1
1.048169979569545,-0.9601248236547901,-0.9896903236324741,-1
-0.9894526590904984,-0.9775922500372143,-0.9736181495300437,1
-0.99930433520669,1.014437811715809,1.011273649623332,1
1.00713048164477,0.984710489720752,1.010782781109006,-1
-0.9837153177370164,-1.027017946481641,-0.9586745287922709,1
1.046313712994666,0.9932401511359725,-1.007620158032738,1
1.032834195355382,0.950217880204294,-0.9642662776416764,1
0.9551802938754242,-0.9708788840753423,1.017713579321139,-1
1.029684119950885,-0.9744607602612705,-0.9855028835681346,-1
1.001481416011159,-0.9613270683624892,-1.021826536818541,-1
1.040819736401534,1.021380575831079,-0.9742064623802231,1
-1.039940311909052,-0.958084678005638,-1.002146501704315,1
1.03868028572179,0.99022060180905,1.004290094488637,-1
-0.9623985923367899,1.011382070167897,1.045925392447574,1
0.9725207805704302,1.040108726766805,0.9772369544098374,-1
0.9622148810043005,1.017808246479412,1.033137253772373,-1
-0.9541079855679645,1.036869007322123,1.027124736248419,1
1.048919283800323,-1.000466771823191,1.048827096965514,-1
-0.9685467224638639,0.9857565582601333,-1.021546991208749,-1
-0.9662070797332671,-0.9511363780898041,1.000889167032448,1
-0.9773953929773925,0.9963413350884481,1.027577778380948,1
1.019778390100645,1.024401482686715,0.976792943921229,-1
-1.020672294662213,-1.021720773298856,1.010334214253191,1
-0.9527712628124235,1.026198295961981,-1.047412382087422,-1
-0.9638918902908791,-1.042681366390931,1.041833043931999,1
-1.044764023434153,-0.9739275642620689,0.9584536389963646,1
0.9666362359809837,0.9950294103367612,0.9717243353549546,-1
-0.9617166277328975,-1.001164898211316,-1.010559566680913,1
1.028302801668836,1.049164237363453,-1.003503445914623,1
-0.9756929817415556,1.048098391388637,0.991236945483234,1
0.979107589126767,-0.9834975508516319,-1.005391859542118,-1
0.9964307971458785,-1.046117206836237,0.9959242050303749,-1
1.032511630204645,0.9941760547784557,0.9697464498327972,-1
-0.9942119561135706,-1.009141492062185,1.041192923906107,1
1.026844695515923,-1.008218758094953,1.017791733146676,-1
-0.9632430508986116,1.034934857337375,-1.023961490372011,-1
-0.9854793533581345,0.9995625631649775,1.016980433171629,1
-1.008143377617073,-0.9515189218251128,0.9849831463809612,1
-1.027358595167904,-1.022806210431425,0.9603715217491142,1
-0.9932683496647151,-0.9630573306805658,1.040415914778744,1
0.9649627217238518,1.032449049870885,-0.9986464758731908,1
-1.048902112238218,-1.00605247915589,-1.044277388059821,1
0.9796466012659892,-1.025596256534822,0.9600279177969963,-1
-0.9837447746960994,-1.036708683059834,0.9656751037403427,1
1.019758393839457,-0.9771677842241452,-1.009067013509431,-1
-0.9596451233561271,-0.9606172242432626,1.025228873920587,1
1.020830561112056,1.040162856251513,-1.034115497802237,1
1.024938893941391,-1.007524991028335,-0.9762176882975133,-1
-0.9978162220889376,-1.047017995381337,-1.026240835324252,1
-1.021909034364068,-1.045105377861316,-1.035664927189983,1
0.9781283986213136,0.9539501993157037,-1.040169786590337,1
1.002785255382022,-1.000021190014368,-0.9899263636036655,-1
-1.040809181925739,-1.003112700804308,-0.9544917614459605,1
1.0164252010597,-0.9776363492064717,1.017120709172304,-1
-1.04773636083129,1.012135382758123,1.035617286430126,1
1.029604126106411,0.9907076137979061,1.015456163001689,-1
-0.9889225076338828,-0.9709650517508056,-1.027248338484461,1
1.028539983470319,-1.016273248782874,0.9872317279447061,-1
1.003936520256724,0.9815070587252639,1.038493770827533,-1
1.036261673926631,-1.019498077989594,0.9508897093693713,-1
-0.9702003348989293,0.9732587337726369,-0.9776481020274649,-1
0.9881399021002651,-1.022360962310894,0.9910730547151716,-1
0.9844625910110226,1.00497127454883,-0.980799763510981,1
1.034171973170773,0.9686527671620324,0.9720603005886316,-1
-0.9915755250160061,-1.040166250839792,0.9832777869880515,1
-0.9552737734179133,-1.043379440479596,-1.044221140895551,1
-0.999783858293426,1.008465043403542,-1.024018885299536,-1
0.9747968842603275,1.032215791002057,-1.006654829999925,1
-0.9664561471391474,1.042973511064636,0.9790129127725896,1
1.028393226417837,-0.9526167992891974,1.004655198482775,-1
-1.014171935367646,1.039225897755934,-0.9505427960989317,-1
1.024824635030826,-0.9625263520904115,1.04408792644346,-1
0.9859189381673077,-1.047258783619796,-1.021017659785959,-1
-1.024899436943651,0.9981669861294389,1.047069505696304,1
0.9737772816640125,-0.9963398116040503,-0.980865919691412,-1
-0.9768169067348887,1.030546152311743,0.9898345986800534,1
1.042570925194827,0.9941337360644712,0.9636519151909749,-1
0.978911605529584,-0.9821543953904081,0.9856159890578378,-1
-1.044892862130927,0.994718871155132,-0.9740826626230902,-1
0.9556044616154892,1.006390478690659,-0.9671830421524853,1
1.013338479707128,1.011105212107205,-1.015460074823036,1
-0.9964437479009782,-0.9582419966813951,-0.9600212321957439,1
-1.041542611782194,-0.966115703437014,1.021494237589353,1
0.9642107730064313,1.03555848619935,-0.9754549415368622,1
-1.019375281783375,0.9749913860951415,1.028975967425372,1
1.023370345294751,-1.028051330800402,1.006948783994374,-1
0.9993581517928809,-1.005002038241956,-0.9547084154866757,-1
-0.9801755904402344,-1.03946577742462,1.048882027462581,1
-0.966378426227028,1.035085956242071,1.035724059406632,1
-0.966912416932969,-0.9511261825029758,-0.9533749049813134,1
1.046855177740422,1.030142464546708,-0.969802082879416,1
-1.008654076450866,1.046327162517677,0.9831558644040129,1
-1.045382529345338,1.023402397521677,-1.014522805843384,-1
1.039325936298265,-0.9737872107075322,0.9785285120753965,-1
-1.04009091455314,1.016284361118542,1.000260702548914,1
0.9677539610952478,0.9925656519850727,0.9594008434462461,-1
0.9710560532505598,-1.026912315796814,1.011086444731017,-1
0.9845861429650756,0.9685920493182885,0.9869597970400129,-1
1.038721097107632,-1.013687473832178,-1.007578711610761,-1
-1.049850199861385,1.024577178764599,-0.9530550633349149,-1
-1.018842219083072,-0.9581761032261985,-0.9797950153541564,1
1.0416053210187,-0.96826100230182,-0.9942339048527309,-1
0.9755743571716617,-0.9944720714260948,1.030168865979303,-1
-0.9716160759525373,-0.9705634622858096,0.9762979963730849,1
1.018448368257928,1.01163976234445,1.000804119015834,-1
-0.9572492962387882,-0.9503905199709579,1.045239093990312,1
-1.017097458596541,0.9797205091558439,-0.9598009051061569,-1
-0.9768580723738292,0.9669725074994859,1.0408212190294,1
1.003916891529975,-0.9833768895507297,-1.011236731387313,-1
-0.9851007880835484,0.9981151597839105,1.047705349413704,1
1.040056923043723,1.016480771743665,-1.014258853655246,1
1.032030076637182,1.023975499043958,-1.039991406579639,1
-1.035763435723095,1.017941318024597,-1.026031432025172,-1
0.954035659412523,-1.009451461160589,-0.9824429608237808,-1
1.004603769347363,-0.9635167960243979,-0.950017618738916,-1
-1.035144564025871,-0.9767262301525956,1.046881242953625,1
-0.9553196746603587,-1.009780311110437,-1.008894859947858,1
0.982772998128344,1.010670424451051,1.03541245892147,-1
-0.9512615755833601,-0.982542594885095,1.014764246625428,1
0.973807608124552,0.9540485878022754,0.9645293361870335,-1
-1.046497795525194,0.9980011540604875,-1.031547534020376,-1
0.9997739279494545,1.003337134562686,-1.001159735227943,1
0.9625168888192841,-1.01937182327892,-1.046310532189334,-1
1.030743749458956,0.9508875733124981,-0.971462833978159,1
1.042131655710303,-1.033542474112229,1.014154774933947,-1
-0.9583538400940679,1.029765086915227,-1.011733278577729,-1
1.027360901982831,-1.043642375057191,1.006734280683131,-1
0.9518640197354197,-1.040875454219625,1.009806954777569,-1
1.037631411850291,0.9560300955782933,0.9699707217216279,-1
-0.9726155795614251,1.039289408616812,0.964369595894965,1
0.9683155491996123,1.026057021660463,1.036488843232977,-1
-1.026701495760753,0.9698329887478894,-0.9523936477078514,-1
-0.9718043293798292,0.9931368543137383,-0.9920271846993554,-1
1.000133047186587,1.047036896121469,0.9502779467472627,-1
0.9723100281202331,1.042985361526054,1.043917350068794,-1
0.9641725573558039,1.028587023349883,1.034634112656249,-1
-0.9678806835518884,-0.9592182128845554,0.9625150449910395,1
-1.04515867943921,0.9773271892658983,-1.047899520884734,-1
-1.025363626622254,0.9866710621371916,1.04169923116614,1
-1.024851429675707,0.9569067205432812,0.9748066550082843,1
0.988394884892385,1.026580748207657,-0.9703403130533474,1
-1.007412325462504,0.96107674131587,-0.9532146467138569,-1
-0.9888939806929006,-0.985381507161651,0.9959951942501044,1
-0.9525562446369945,-0.9795428108031783,-0.9757124812880654,1
