-0.5998133899497505,-0.1342948305760289
0.3198478485982312,0.7926276285827443
0.918919949978485,-0.2405482511947049
0.3276223507870313,0.2597796137809385
-0.8829375289219156,0.7266115124720618
-0.674196209057223,-0.8991462319827818
0.7289062175166636,0.03604750932032363
0.7604348146157511,0.4114104740270461
0.3255250445401241,0.9085243550753264
-0.8856885069178707,-0.3945628356559682
0.8127570022429254,-0.7150054631763657
0.9472296546952677,-0.9645200257178902
0.02066544332875697,-0.5483386941683345
0.4679584200620461,-0.3294515215895798
-0.05186536554047538,-0.05322714166003462
0.6874799004840402,-0.9779226801992112
-0.1175763097758339,0.49403682111932
-0.183204154180307,0.4810978200298452
-0.2973784058240835,0.6773290368351348
-0.2720876528888255,-0.3529295610495938
0.9472417978054002,0.6627353686972339
0.003364901047529623,-0.7158888845431474
-0.1555700937557928,-0.4731140748523678
0.6775763687018546,0.07975736306042491
-0.1056856537726892,0.2287723049202259
0.07435700084132679,0.2265338037960314
-0.188885137921052,-0.183740873368995
0.329333182504385,-0.4302545092315783
0.9806947457850297,-0.04499694887335048
-0.6411110893033337,0.03421960108793409
0.2530280235126492,0.7893954610190508
0.00429359808603702,0.5061311013929539
-0.1591686983833388,-0.4635766285597799
0.3024618069201985,-0.7399195541412272
0.5496324880727961,-0.0917593149525896
-0.3687024991129789,-0.2629028175179536
0.1446513569391432,-0.9165284800078578
0.9049662013354205,-0.7247788556421119
0.2121488579312247,0.7697707259788475
-0.7221464084813977,0.2010089243478035
-0.6944196139457416,0.840966577334348
-0.5357620197496352,-0.3363157976138283
-0.1223989128999744,0.6991843458975529
-0.815867997854293,-0.1731516159747842
0.456099524421157,-0.3888488838618661
0.8822844134214705,0.3380050884500345
-0.8696651416850473,-0.2777448272885165
-0.3254441907123818,0.3662793128637576
0.36523723988266,0.3155746668094663
-0.3178352733665289,-0.4872610198401003
0.2031079035108105,0.8082418219136291
0.2730494221904054,0.2961761139718893
-0.7448611904967922,-0.4331849704279461
-0.209065867348262,0.0587893928238119
-0.6428578773059436,0.3093196020297018
-0.7590310921800852,-0.5253194136404079
-0.5530827269816462,-0.7063072732756946
0.7736214836608239,0.9487397634004435
-0.4035565540629641,-0.4144541133758229
0.003487222226532083,-0.0600765634038446
-0.6041114365265147,0.9020911309106407
-0.6325934912311609,0.3281756608673387
-0.9605298194747803,-0.4479210475921006
0.3504888510749651,0.2828119451222264
-0.601488791431909,-0.2310815610008515
-0.8266352853924855,0.779942647802897
0.1440500865284824,-0.00923060246278784
0.9197694202715523,0.1148353010046215
0.08667368674669906,-0.9828928975751045
0.3173265846909914,0.157619797998968
0.1765885490504226,-0.2638100307025441
-0.3613252560633183,0.4685307615422616
0.02485997494301873,-0.1410389743314776
-0.66596396518268,-0.9722917476051741
0.2127322425420344,0.3942319281369919
-0.1479247815049353,-0.3360418411054479
0.5053679430046718,-0.0996392672018459
0.9284735242016389,0.007280321034959236
0.1644087128440108,-0.9050103112703763
0.2253403761763413,-0.1570693899975913
-0.7984099695964301,-0.1999582142638489
-0.06445994009512723,-0.5606322277033412
0.238066574766832,-0.8566712522568151
0.5697231696903431,-0.8288825118283806
-0.6243023314460251,0.5457304221666059
-0.4675027288471895,0.4132454431742851
0.2669101731078762,-0.2038590315718319
0.1522915902049171,-0.4049369424328791
-0.7260478039282506,-0.4503497738874461
0.02357561711533585,-0.651849377244241
-0.3252539509670681,-0.3973706738807924
0.8944285201771078,-0.5908746339033174
-0.3182346006637974,0.8465983717932466
0.5970671278548769,-0.3731612946362685
-0.005986447574200748,0.1878861700089849
-0.6097010128882557,0.1015752283830214
-0.6348688936190664,0.5876115260145962
0.7222026316867771,0.9069197482701372
0.4429073366298328,0.3251790653073834
0.2003444082250816,0.6560654653127607
0.5053785535572113,0.9415710370691148
-0.729289383907643,-0.1926149681409061
-0.435059964194953,-0.7857658450574957
-0.5483413091989894,0.8123670272150161
0.9021870304721264,-0.1461111952968165
-0.266123258182709,-0.8200709196040655
0.03190489483150039,-0.06817351588587484
-0.4183597743027626,-0.6977580004204579
0.9037453578557917,-0.5169424261641545
-0.4890769754906262,0.9965668632958076
-0.3875011924309434,-0.1088577393974227
0.1141526154414951,-0.6555237817866783
-0.9497689517186297,-0.6821416535266133
-0.3416083679270724,-0.2096758509942726
0.7285160584568382,0.1499306155697138
0.4704336873903179,0.5220840308450585
-0.2721180938044455,-0.1623729548630927
0.1161471984510782,0.7920328170491866
0.8015955406407698,0.7890172235034565
-0.2404485874122465,0.05477479928614715
-0.7473520941023225,-0.1536406774799141
-0.6331974679477622,-0.2384812354353026
0.8017872955122758,0.2118063681932398
-0.3112266539160541,-0.6347991852964753
0.9597417821340746,-0.718799826043924
-0.3141673344021446,-0.3688133202933478
-0.4110485004634802,-0.1236061160646581
-0.137393155601628,0.1175182898317022
0.5812625129132218,0.1783700177222445
0.6845342875059506,0.9024809649364696
-0.1589172792694872,0.2446822618606952
0.5862290307582407,0.4044512198701748
0.1269073229103721,-0.1583236440224508
-0.7029638823154666,0.8202526479776384
-0.05440529337529065,-0.1637997608199609
-0.3908152658706702,0.6978366053453393
0.6950034949356603,-0.746818690094604
-0.4042208851808226,0.4995804463007791
0.05596171719136067,-0.2274687365341023
-0.04488041133768894,0.5853919298793184
-0.7769498501750459,0.0842652836658071
0.09216716094913968,-0.9937145733184299
-0.4849695900797654,0.6147572391121698
0.3621642156565181,-0.3171771235611699
0.2667084393287964,-0.9188765909810849
-0.7138908482362359,-0.1178818521216508
-0.6951815715886563,0.4544279145832395
-0.7731709087834814,-0.6046849008171961
-0.0008544928524362172,0.3985422582636595
0.01674772449728179,-0.4451653551037101
-0.9991938997908364,0.8369312916457601
-0.9251096876761465,0.8296896733142356
-0.6839459672440552,-0.4876867661091265
0.5936027364777812,-0.74220922236864
-0.03406467119829071,-0.3700047535458536
-0.6750284391726554,0.4302962235219618
-0.7966153121182807,0.498446100046311
-0.2027782786331539,0.5965683036588705
0.8575679518088994,0.2339522879288432
-0.6400801963739354,0.5916418820450515
-0.1055246906619755,-0.9269648998177397
0.6083203146180418,-0.3010660240883402
-0.9349258575416063,0.5093107096060736
-0.4277315238889453,0.5464567040732065
-0.5491817282204426,0.7362690419357882
0.5638559921437716,0.4452651887375438
0.9270944556934815,-0.05824224600259298
0.2284151601038504,-0.2312997987396478
-0.5680482388028888,-0.896933767228789
0.5961752879936142,0.7931358230019505
-0.2615673678228138,0.2795329877703761
0.2416188532523709,0.2069177399614102
-0.2863758516321958,0.6763142184514535
0.8429399397504234,0.7340623897832204
-0.3284365694232406,0.7811601451280041
0.1791466431197484,-0.9081825067488792
-0.4848730570513599,-0.2953229760473096
-0.6552214374825828,0.2639213940434821
0.4392212742504176,0.586657803360531
0.4825266707386904,-0.9659091311688804
0.78856329505181,0.7477356801225543
0.4418244054271214,0.8017818100073932
0.5063282507554987,-0.9797951727898114
-0.7059501576005497,-0.1079552825632971
0.8479028283326877,0.2472916415946023
0.4662269930162601,-0.3236176711887099
-0.761119075989161,-0.4807348164026207
-0.8739715469813182,0.8049054650410237
0.1619597795769085,-0.7681474238551959
-0.4084009532492724,0.3778759606920046
-0.7715047751101672,0.4387359188826336
-0.6985938892563789,0.3739109012181361
0.0534413260791875,-0.3185347946394578
-0.9894819580112982,-0.569678519032715
0.3537641808981367,0.2218762595760235
0.08043194793434982,-0.6188811894754646
-0.1177575346438718,-0.3760166314782022
-0.2506393826886285,-0.6753146577513157
-0.5105200508507303,0.6752113788410592
-0.3934436032780108,-0.06117195617694449
0.4785227556437348,-0.9123111540913748
-0.87178970462792,0.01390194225055774
-0.01374676021925525,-0.2873471910737474
0.5531297728487004,0.4894225709444644
0.3880070122962083,-0.2717807058625904
0.3829143516508517,-0.7728905689486228
0.5310154777570013,-0.607943746822036
0.8044488900960176,-0.8178435429702692
0.008774192680709669,0.5736076119007583
-0.3247468198934859,0.7838614823673313
-0.9139815174115146,0.294023572235798
0.8646321182889307,-0.2588077195903119
-0.6321150234477556,-0.1286120380966306
-0.3510446041459222,0.2652916057750714
0.7579233590795742,0.6911709884145447
0.1700198751228288,-0.7494831213025611
0.9852454622745419,0.08860460057201802
-0.7684195246231803,-0.7637461200959966
-0.8868574863176421,0.2866537937371165
-0.1133599254475141,-0.7804216307872441
0.9855958340847586,0.4756965682743219
-0.9324117429868964,-0.6549961013573503
-0.0941842860064882,0.5665107316053384
-0.9481985183112219,-0.4962684887714303
0.2151794449019506,0.06203466240505384
-0.244348348074603,0.6959052456244998
-0.324741434149369,-0.05492823754663612
0.01349974342760385,0.6374607147391198
-0.4750750290205671,-0.95720670095324
-0.6734991927156943,-0.9930371340289256
-0.3757584450766839,-0.008687955553128845
-0.1131652673499409,-0.1442811263585136
-0.1414271661876233,-0.6984241062336053
-0.1507073132907727,-0.0006741351250659777
0.09215722969950746,0.3245250317897028
0.9794354799551386,-0.7268781236731173
0.6442624396172296,0.09469282599722972
-0.7898853753298701,0.7193807613355119
0.002064949984421194,0.5449067033540582
-0.6317608113197869,0.4791456666576848
-0.10178584767869,0.3770765066196948
0.3051601202598695,0.2027039024708472
0.5340278654001551,-0.7217597170261497
-0.6524988236292145,-0.7774015037466607
-0.6592317081552227,-0.2735525301304244
-0.03105985511705278,0.2408408105784534
0.4148217629894979,-0.08650982832590193
0.5237215957429375,0.1921549098184256
-0.7262013604525702,0.9120313083174427
0.3621918250465075,-0.08814252236352293
-0.5484442135170585,0.2293328602177429
-0.8326057349238484,0.2995365119528386
-0.7392972634571581,0.09591083733964867
-0.2543588942742018,-0.06893353142694691
-0.5845353463634034,0.8185999876239038
-0.7816688769101517,0.6281387486492624
-0.6687343753951548,-0.5713032127196743
0.468846194290274,-0.2794568348598688
-0.4099434688931697,0.9475400957465725
-0.6512229635420322,-0.04036562919106046
0.0145541714944093,0.8710922060743982
0.9272071089917966,0.3026829628928407
0.2072817742943225,-0.3938744463291682
-0.1464339194414029,-0.455742135398946
-0.2584548180111456,0.9609092337447906
0.4257329539078771,0.006870248853195537
0.4840087599861547,0.5225197702495459
-0.1586197174066403,0.3705807591462063
-0.7095906123746428,-0.9679884674695004
0.04034992519817071,-0.9779413921691661
0.127420119922482,-0.08751101334970313
0.2479024447275011,0.7543491102330449
0.7409275801581177,0.03135336504854935
0.4513587091234492,-0.7816064903623495
-0.956370096711998,0.432453712845589
-0.6701390326891082,0.7286570181253276
0.5433644732789384,-0.498096801532477
0.3039267499492992,0.803442653789282
-0.2629361396827107,-0.8765001197922836
-0.7156495874811509,-0.2217984118666877
0.1755334434642468,0.1546769988773353
-0.3817264973005409,0.8393449262589234
0.8612596654838258,-0.8236950377140283
-0.5788410324800527,-0.1526194952436551
-0.6161505320835946,0.1659707585604784
-0.6620498163897833,0.3312468614644732
-0.6031564094308907,0.7024990530663711
0.2493183965944958,0.6133527823071114
-0.5335511035955186,0.2373236128640996
-0.2056331251537046,0.5081599388408335
-0.3559799592986236,0.7923126140989185
-0.3103163131532619,-0.126483128231453
0.3367879469685835,-0.719725115117592
-0.9625159719186435,0.9125846775947004
0.9351986481524661,0.2138054298373393
0.1803539746171527,-0.05073712751880277
-0.3073813340502013,-0.4627064255032279
0.8094004532420149,-0.8488203261724035
0.1290825722947733,-0.5484932266045807
-0.5498889254877476,-0.6409758258514159
-0.7859657544638471,-0.6058285757953145
0.1800934186110155,0.2793265900451265
-0.4478195112144087,0.4969442424698276
0.7226757782101634,-0.3622691325210509
-0.6657057602440112,-0.3513696928696642
0.1322519747853999,0.1109398377623725
-0.6553510142716769,0.4940792726638521
-0.1000566074401875,0.1924879993380162
-0.2415276068280384,0.3832446997572254
0.1964199296097429,-0.3518528853785862
0.2237179208046052,-0.4642475296934582
0.1387337220653082,0.6178478816661872
0.6070629107927805,0.944150315258715
0.09840750644917962,0.2911571360380334
-0.02880582600811576,0.1490116296594826
-0.4783206299461008,-0.2437999555534226
0.7294145147002358,0.8801347717586818
0.1390832164529685,-0.745788193730205
0.0686397365427196,0.01664117789308173
0.02245019016563465,0.09364831661627049
-0.9826017552845135,-0.5183004693951087
-0.05280200568717064,-0.005977314477953244
0.08919619831889336,0.5879800946447091
-0.1306201456532216,-0.6968299834588546
0.5374657436052446,-0.2820299008258921
-0.2730256755531967,0.2610954978550359
-0.5962950603401947,0.3122529384875377
0.5841695230867885,0.01580221321867681
-0.8218262635978896,-0.9380242676707867
0.9475075353759346,0.08436798778185861
-0.7848938067964525,0.4414944085074732
0.6179130712212104,-0.3606611625347665
0.5854076466456468,-0.5270092369391214
0.02050593758277097,0.2140868063293819
0.06509982246018309,-0.07082440739778628
0.4934274047190232,-0.4205894963391256
0.9873952315339374,0.6291689965164524
0.6018529284397189,0.8207481789722237
0.2933079720583085,-0.8188043903593191
0.5732509470402787,0.8141266095438018
-0.3392968120139862,0.2881082651198592
0.8590266949758529,0.9814628721947312
-0.5459607243885608,-0.8913737542936851
-0.9873638197882068,0.4931296790527293
0.9276310885774615,0.1257033522047151
0.6887681430074162,0.9812475927564339
0.01537087663247361,-0.8502614395987255
0.5376315461416037,0.06579234132754208
0.3717975027868243,0.1856048744085363
0.5476474693576359,0.5718012724209798
-0.09954257719422566,0.8225374142900221
-0.6136974470629745,0.8560099427045422
-0.2437622212456888,-0.6362717495105333
0.3226790929578869,-0.7811467493420622
-0.5049901715082222,-0.4193263257666328
-0.3619117819034002,0.2314755043277157
-0.1268013682335277,0.5266048144990774
-0.5467404751855393,-0.4676344078130247
0.6767084065928763,-0.0705736521943473
-0.2791495402611154,-0.980534261840479
0.1368866936987969,0.6872784438632877
0.5199811934190297,0.7786878425443526
-0.881093605704783,-0.5714203751665942
-0.7259820908311697,0.07221810873554801
0.005824477511146231,-0.8395796578574418
0.2940358910500833,-0.662886718260722
0.8437592870786663,0.1804492417179127
-0.6095569261153316,-0.4605189453638449
-0.7054683591261347,0.3394301917839155
-0.1797717682908374,0.6622824218874859
0.275055379686352,0.03632777200624182
-0.5887963826649686,-0.7496060926466829
0.3878990051466471,-0.7191476097088297
0.9454669471853001,-0.07261139488772417
0.4767448979155564,0.07567129282877327
-0.7727630593447138,-0.9920150941534694
-0.9017097289944457,-0.744520472467937
0.7888228948182283,-0.2970652715274648
0.8599158220893415,-0.4740230837494995
-0.2692798427516693,-0.84093226401694
0.1844545685888845,0.372757103041049
-0.2497793131139353,0.7162547206924739
-0.3602506065929217,0.500328605475427
-0.8759103033719043,0.3855746790210639
-0.6568569380253638,0.4796316088306811
-0.9242015518535255,0.49782126732115
0.9492541415149589,-0.01046555611159994
-0.6155356427120499,0.2033357019088882
-0.8411248285032155,-0.8380189240729964
0.7841850964931039,-0.8530571988758632
0.06574521894241636,0.375571949611496
0.6506894929704132,0.7256145802404206
0.670663892077114,-0.0666301989053194
0.8850633009306792,0.7674359834379783
0.5176645771209287,-0.02762812891359701
-0.8724524205011898,0.71558654755205
-0.3182587141201078,-0.1813433725553478
0.8429095163717295,-0.3057338662651562
-0.1608453544729466,0.1374490632221625
0.7160543964846411,0.03882895319941948
-0.304193960284232,0.03920439520782271
0.5744345738309842,0.1111594636764035
0.9938825913310068,0.4859450112553694
-0.1985620519507699,0.33789594801513
-0.8515643634886015,-0.1554413673550953
-0.3757681402902636,0.5484751467334066
0.7660243891683489,-0.2502657535292671
-0.7405229934511438,-0.5114321511420147
0.9504534466007153,0.8112329767398405
-0.5357868593052489,0.5294395275634882
0.6490036155361765,0.2178494018683594
0.5594067966974072,-0.3561249805783536
0.8834414768841283,-0.5436518457684244
0.1826505786760706,-0.1503666637895719
-0.9045191328800476,-0.05204310161285075
-0.8402240988156903,-0.008968771179364343
-0.8877996424807552,0.6023228327984038
0.06192499895301307,0.4353149216332375
0.7557375093232572,0.4773354038087152
-0.2480896536310978,-0.1779081693071335
0.3860542394164377,0.2807358235650366
0.06908477462112095,-0.1790870779649979
-0.4962988818669757,-0.030102732758302
0.8576058530101143,0.7582749531400377
0.9798620519084422,-0.4404407094111825
0.5897931586314191,-0.323745427373704
-0.002819486493364498,-0.1444263713352895
-0.2754929992109952,-0.5551386445255676
-0.5796843447329901,0.4976742876183875
-0.3636554400587887,-0.007741179594535574
0.4340889501710115,-0.5423843329887864
-0.4423090866997134,0.2063787890385578
-0.2729372870261678,-0.5344581743952913
0.6093632316433988,0.8942783798657525
0.5493195157303732,-0.4055239602348858
-0.9026801156755734,-0.8649791590237618
0.9472671273172975,0.8251947441991938
-0.6919812585705071,0.7347388412857829
0.2099989204898709,-0.6973982177815522
0.2501754560074876,0.9609484276492739
-0.7282760520044395,0.9093819768871729
0.08360635258472904,-0.2165834817924023
0.5192757621688713,-0.675944425022135
-0.6780120883954689,0.4295555086249776
0.5801104670728412,0.8292015678374278
0.7212663754715489,0.7603210050459417
0.3409717762801414,0.7841199354357253
0.3316694582166686,0.1926823129711068
0.8831941760507964,0.7588240720807509
-0.9896929638315163,-0.5666676939452472
0.3619789757898029,-0.05440933152182537
0.2962462141979243,-0.4431160405724549
0.272583234835267,-0.5118012039822873
-0.1498013052875365,-0.5416094663468455
-0.6237892318454469,-0.5724487438799392
0.4471182657123816,0.8840280557186138
0.2225240646353956,-0.8489512495020933
-0.2980483024714983,-0.7225069340965814
-0.07249619482270819,-0.4961708868450351
-0.4316455230915047,0.7764346018227619
0.8825502066475357,0.4411118225948367
0.8282210857324199,-0.4622615033780312
0.8241622948464391,-0.5818608417601029
-0.7435161993704139,0.5608502846375014
0.7394271128746162,0.1724541224267879
-0.03357506102598784,0.9236433739369614
-0.8768705633771022,0.7663743846822031
0.7224435535663696,-0.194798625002114
0.6830154145993796,-0.7919050285859311
0.455800584212811,0.1605653955931272
0.02436206550029874,0.7106072370992114
-0.06206395401506815,-0.5531079805848383
0.106608692994542,-0.05534470617407761
-0.327966686760904,-0.9958329914637299
0.5754176158997668,-0.2606320380275323
-0.1531183943954618,0.7825914036900534
0.1514476343249442,0.5268269525297098
-0.1199518326348897,-0.8832752038655792
0.06781150545418058,-0.8093023948210428
-0.9472400817668544,-0.3274753703233085
0.2703713565063326,-0.6576438957147123
-0.3049783579887336,0.820528493957525
-0.821803135894143,-0.3019232936360509
-0.9989778194152684,-0.5179358746546446
0.4541028060775771,0.996419982910802
0.5805328260835814,0.9271135377603732
0.757627905737408,0.5090721425637901
0.292021985484189,0.998315964604614
-0.8864891177101314,-0.9213836466085866
0.9761945329243074,0.09447157220932367
-0.07669657792706197,-0.2941062518434733
0.04210591918969242,-0.7912705839890212
-0.2344855522640646,0.5234601587060044
0.5661240532155902,-0.9826767376296889
-0.0281355735833172,0.4017478503608456
0.4707955534679626,0.1859916713317129
0.2324700430511115,0.3689562396679786
-0.8947247800143784,0.962142166604538
-0.763890436369003,0.05703853056193608
-0.1233935277104007,0.118332535215989
0.62842215253746,0.4105567004577262
-0.5233599879316501,0.2087618049328015
0.4036176549672705,-0.5986672014878608
0.06061679339532744,-0.2548388612367171
0.9036856486634892,-0.5769117016520421
0.6121999749000804,-0.7681495619675028
0.7388425769854201,0.2795756144014452
0.2077760769994597,0.117937188622786
0.9848459489315931,0.1543717001507494
0.9649313610416705,0.8371993370942274
0.1727661056042056,-0.9436688708525144
0.4081017828126863,-0.06124707666780205
0.4602675058948495,0.9339750099381536
-0.7365107601123798,-0.2209036110002914
-0.5349639545738928,0.5498478966355216
0.03048053423719232,-0.1822848182986928
-0.5471005904923446,0.1471931513840088
-0.3692472792733598,-0.9564460557580591
0.1536662367242563,-0.581490194231319
0.6963411612183963,0.2382513940817934
0.01097893517442006,-0.5649880557389372
-0.7792535610114081,-0.9396212906030162
-0.6308110971905524,0.6499202139255236
-0.8382387750365546,-0.05193970570737327
0.2512957766783153,-0.832429800599224
-0.8566499793946686,0.33596487083094
0.9641547819530281,0.1557312065019534
0.2445511029966319,0.3525993703439154
-0.1800937700754056,-0.2051779345051757
-0.1066040128772524,0.8533348734558839
0.6923715024085464,-0.7401438586768104
0.6714483013122081,0.6731535579171668
0.0780052770186439,0.5225760837469606
-0.6817195334656719,0.3715315700466593
-0.6654520419032867,0.1878092432974598
0.6472329888997632,-0.2745689114898288
0.7520866321897424,-0.5807193460190142
-0.8097279137288073,-0.6263397931276279
-0.3238013293927789,-0.9164325011016606
-0.7239771181040672,-0.7250833772418853
0.5937480454668609,-0.1543566506363966
0.3896526806582743,0.7342752785606919
-0.8425817107389394,0.3335727577868763
0.7171480385233182,0.04873169387290455
0.784944384888284,0.6578123688218704
0.9578434726014653,-0.5616690662812863
0.2873483785422117,0.2655115931460117
0.7280577875107599,-0.7022132405079594
0.08076774514573204,-0.4696453843519105
-0.8514249907882402,0.8834798261540551
0.360660946569066,0.1937354860129821
0.865160542004894,0.004777152427046794
-0.2092392399603197,-0.9011631030134918
0.07902544444322146,0.9898236388051214
-0.574352142653857,-0.6289547396238911
-0.6352350427085097,-0.9764305106626997
0.5912199332929018,0.8419533280706197
0.6527830665525882,0.5550956570736256
-0.3804996662524102,-0.3824286221261753
0.5830733240103918,-0.5464848757102282
0.09565760046783933,-0.4506511888053734
0.9406151324248628,-0.9741294960621675
-0.2192804867790376,-0.8699008292772775
0.02373514761535911,-0.01396125759649613
0.1360148670702499,0.5059141073203592
0.09001372292265852,-0.2620043977557037
0.5859291146790939,-0.3456481298033888
-0.3770727690503893,-0.7014764041489193
0.7139718027615054,-0.1459195080078365
-0.7704536117614128,0.4533233020970584
0.1244055125889714,-0.6658347673115746
-0.5810829416915194,0.559341230829727
0.5522857065092845,-0.975605939486388
-0.2126416467106632,-0.7392398194528441
-0.9846822584924581,-0.2887916342006908
0.2719610928399099,-0.5422706954580542
-0.3505552621120275,-0.1689569447730997
0.6449389444959948,-0.2985272865283345
-0.8477592701186373,-0.70176895934832
0.7191872920472777,0.5042178310917962
0.9942970503521298,-0.8194441767711386
-0.1445427274386292,0.7985632049164011
0.05165742180469013,-0.2459069409033038
-0.9594519946031547,0.1970330632395274
-0.8749918026023477,0.1349990460159332
-0.9270994341148194,-0.7385142725603481
0.4623281399895958,0.4739603350081822
0.02238204145330958,0.4476740554798286
-0.5125101222955565,-0.05837575936075934
-0.8585248459407145,0.5550331215413147
-0.4119610350953505,-0.9223389313228293
-0.9333233620347844,-0.685030630218762
-0.7540266382649062,0.122564027479281
0.8589998118482893,-0.501608956784877
-0.682663428351083,0.4648755739113226
-0.2702106938652779,0.3737355992202325
-0.01687695404755696,-0.7043779781141269
0.6597492825424818,-0.3343360720674454
-0.03839880436257437,-0.7400184980489993
-0.6520398409330149,0.7163060646111274
-0.6554825139265482,0.273246159135232
0.408278228379088,-0.3075789411649908
0.1018504124360575,0.5301454942198971
0.7363773936369531,-0.1513994895302894
0.741159349529193,0.5001356004621109
0.1070219567092119,0.4223896812091033
0.9556979873474767,-0.7718879606545913
-0.500211152085564,-0.1974438019500372
-0.8610509712623388,-0.3208051790291379
0.01276853178550086,0.5267592430452923
-0.8584930596704136,0.4578377647233063
0.9671431420419929,-0.006036600173808693
0.4182274345293495,0.5348323630340188
-0.8442833139975087,0.4313141256193991
0.8146956108685357,-0.7450155652500426
-0.6545211412656021,0.4399308715733929
0.6692828366901999,0.08208503839902725
0.472734704855986,0.5953480438713818
0.3062230340865959,0.5705143293248087
0.5811496910386895,0.2610394658794037
-0.9695563725019859,-0.2941525057638991
0.671584402113681,-0.8857988935927786
-0.7411838399212286,0.8700282946671385
-0.05724875266616325,-0.04986749417026937
0.8870654535384854,0.9111147155869213
0.2409476315679306,0.363176413016604
0.6778972063396629,-0.3632363378029632
-0.2981921387876293,-0.04729783422338818
0.2475648881483501,0.9791504496935284
0.9319803627126082,0.7666835698415615
-0.3076708029759448,-0.07616151388155845
-0.7864831111185476,0.3804442550405887
-0.3321846225631856,0.1295868268474853
0.7955504902920014,-0.9253260627892704
-0.3257937906689737,0.9334623677943905
0.4631398815277676,0.3729993492604018
-0.8039762803476519,0.8492691476665926
-0.260790272544935,-0.3337175128928865
-0.5370762816867144,-0.1883575237628038
0.1524298226893921,-0.1387359711755173
0.8197682535128787,0.9566830935197834
-0.01598352106236522,-0.627989741306327
-0.97796283494096,-0.4722580560758457
-0.8174656840591238,-0.06904088365918259
-0.2777154906836968,0.447923304784243
-0.9448275605599584,-0.5820226731140005
-0.7023339593022587,0.4065919506975169
0.2138686377650261,-0.9231944013023649
-0.3212201578161998,0.3346103517388108
-0.1882343719251117,0.9121209271103974
0.5984934169657012,-0.3154194748086324
-0.4547910430462793,-0.7246009740795064
-0.9070240319691866,0.6923347251906298
-0.6486888982039131,-0.2550430013402539
-0.8994430709971112,-0.6111111776256447
-0.6766770281465223,0.4072408947915462
0.6200197225568722,-0.9232548816648548
-0.9984945423988888,0.1243823251805687
0.2115124937837169,-0.5839938295511783
0.6450112470944309,-0.7793091832743412
0.75160083410248,-0.1228313225844294
-0.2404769922655684,0.08152954676860524
-0.2191365559921653,-0.5069693537332037
-0.8396929184753293,0.8203900567602533
0.6085768662240676,-0.01631472581023219
0.6329268649543716,0.5370379662613523
0.5797755750832834,0.3160349220720793
0.3125447605184077,-0.151723258774887
-0.5399462352485379,-0.2888544098871749
0.9795023827023215,0.9221704456141866
0.2437128447863892,-0.2185859962834006
-0.9849500004465718,-0.6970744409064061
0.705840136244273,-0.758717053061538
-0.7878935189006925,-0.6012137461367372
-0.219894311041941,-0.8515336332316535
0.94360663499505,-0.3230801431458358
0.6388184675944308,0.08053048966337273
-0.6905480979559685,0.7300371436712034
0.9840216902671441,-0.1287943011641987
0.4816569418584293,-0.9091271831485229
-0.6845224690559572,-0.3919643083311418
-0.9383247249101007,-0.003487422356927783
0.7540562256665511,-0.186081740891736
0.868522393833941,-0.3710638511782375
0.4867672924281461,0.8053122360165348
-0.4545059226338667,0.881567453577129
-0.998325280248798,0.3735325318135461
-0.1672110350384973,0.2880392224223098
-0.1520565505641428,0.2088298334962015
-0.3171969730450505,-0.6965645817831864
-0.8832424397731086,0.7589880181191575
-0.4069827984020927,-0.7062090653097971
-0.191549235007345,0.4561170593749655
0.5123005214424436,0.7888109754160426
0.8415383874118061,0.8078775561788876
-0.2293914735513239,-0.75391009837076
0.514428082290582,-0.2589442267996857
0.6385862041454131,0.2604205789836145
0.8926564559210737,-0.2456212787120816
-0.2635712131476594,0.7187379924863233
0.1812913092114046,0.6237951738406289
-0.2799773449835218,-0.3565685058408737
-0.3636551269072866,0.6395637356377617
-0.7960439170188672,0.1076578685793599
0.7916847234340862,-0.4809088909653209
-0.02515795439466639,0.2005565466386463
-0.9753226225213948,-0.5485670724039901
0.1900402164500012,0.5217722640201496
-0.9878580940565006,-0.6484405534107839
-0.5437249772769165,0.2006180512966864
0.4745900979822193,0.8995803615084734
-0.9151373664917034,0.6746386550878869
-0.744225397617939,-0.07822282420985538
0.9747128083408649,0.1978729531998258
0.121156337523618,0.8959821672541497
-0.04944442074553435,0.1803737597950161
-0.04886651471372849,0.495671146427362
0.5565206151907733,0.7999690700763966
0.01744738650031596,0.2558779565128855
0.5985392750037475,-0.4498978107150821
-0.3906967827962143,-0.7727112824364434
0.2959059932155872,-0.4266932847720747
0.3953682344225096,0.2040469920983987
-0.3145097258262707,-0.2563692125786273
-0.05455706030637331,-0.970503051492028
0.4433248389593496,0.24176789354923
-0.3386269916988366,0.8200342859008662
0.8629088560894496,-0.6766389085381402
-0.180323985752798,-0.001413516004281301
-0.05867749992248672,0.1651451600563247
-0.1293594550542004,-0.3919431476552914
-0.7139379431624012,-0.1333424961653636
-0.8727239831395003,0.3918337376192826
-0.777510922252015,0.3389453482730562
-0.2914065495075303,-0.7859716692889404
-0.676501091821012,0.3197661183476441
0.2759787814196939,-0.8248238270465816
-0.7406756873640307,0.1481403454490542
0.9153410758235341,-0.3359541239375344
-0.5426036381479914,0.4159292352792059
0.0377045761875523,0.636729051888236
0.668314010348628,-0.4846146337289817
0.9789256128012034,-0.7654551822074084
0.6333501564984951,-0.8781137264887905
0.8386118062363586,0.3524571446113722
0.7265896217717756,-0.6577682725198698
-0.9515176749080819,0.8283378084372235
-0.9973830308100317,0.9345178936055647
0.2664720416539665,-0.5232367238070165
0.9837365300847496,0.6043064862371557
0.6940485654118074,-0.006058943961256502
0.6081552178838243,-0.7778897537163955
-0.4845916281699262,-0.9577614844026415
-0.7193243343852084,-0.589611703679405
-0.068361972298561,-0.5489477658948713
-0.5699026620818849,0.8801299571987973
-0.4566460368032638,0.1610216978527392
-0.1519832561744986,-0.05914901825483365
0.4614226289622221,-0.7262808184352089
0.9318736818697266,-0.373146809701676
0.5973930243950767,0.3698503154084309
-0.1585913347043409,-0.1516024625533762
-0.8612092244414434,0.117120042223972
-0.6738478033269047,-0.4509125208745314
-0.6591946013502484,-0.9676368440779674
-0.661138880155406,-0.04905354093634895
-0.06156181193050203,0.1944855911881325
0.151209301230248,0.8727484742477916
-0.525100549056989,-0.9050563355847251
-0.03302488686925587,-0.2635634501719936
0.2275998097601437,-0.1200375964043282
0.07088105146753487,-0.5541807584205748
-0.7705449491641306,0.2612130546304301
0.9383483156592394,-0.3286730843831739
-0.9448389223808228,-0.798942576496842
0.7858142995391491,0.6504091010479971
-0.9644215421188701,0.787400055174021
0.6246218454291061,-0.5269912276162693
0.4293721880262407,-0.6960280990703508
0.4934902799293304,0.5936212689805318
-0.2236810402410484,0.1400412778961113
-0.9870137463782293,-0.3096169197392625
-0.1666268753553491,-0.4752600744061378
-0.5186938460383143,-0.6715688786176676
-0.6882540408839711,-0.5362140731186545
0.3527130381489136,-0.4847480616058647
-0.5968002207370743,-0.08044375308370955
0.8526307979082286,0.9087414864262722
-0.6966119001845102,0.06215181859179086
0.125904338143479,-0.7761031291232082
0.1458502917809998,0.7566177060555941
0.5850108698733012,0.8660745248548503
0.8232499900786585,-0.5337853841847994
-0.6968024487227634,0.6796059605191855
-0.4076150254066534,0.4551080466739907
-0.9541614476070578,-0.2521252519446583
-0.7107439441149835,-0.3744680860794308
-0.5386570991156873,-0.2843881247252055
0.3054495935157464,-0.09402685518277487
0.4375736599141515,-0.4532415045067405
-0.3892031892129998,-0.5125572548961311
0.6939936465938177,-0.6773879450518311
-0.8341984799931906,-0.8581429857719302
0.5626779287090629,0.7116257676818776
0.0093435499364527,-0.3918847666327138
-0.3644942807007642,-0.3080000337088934
-0.2272427224996479,-0.1570608182360759
-0.04011155032345382,-0.1659012740860218
0.4139319847494716,-0.1019493490705438
0.006647419123952281,-0.3251718696152305
0.2820114026025582,0.2731548511240556
-0.2311462561683265,-0.594593721716086
-0.11107754838679,0.9015336541345074
-0.02600456573814303,0.4092981252821672
-0.6933342445357026,-0.1751684002008592
-0.05232960308225654,0.8576307509152274
-0.419642212057724,0.9629097273576159
-0.06825178424713141,0.494963532746846
0.5048232307995804,0.06763085292522408
-0.01245024116596005,0.3521838731928726
-0.7106296908818269,0.2185120110162975
0.4602604377813266,0.5514932717813099
-0.274337131750087,0.0027664774498668
-0.07042218597280059,0.8064599206889422
0.007383746456385065,0.4863509031976663
-0.09514575727863506,-0.3563135104200591
-0.9590883812098941,0.05318387680341985
-0.9525633339276595,-0.4504976599102269
0.2770761478530124,0.03396795059313673
0.02594521922348347,-0.8958411281347168
-0.2381220647925112,-0.2913476332894219
-0.9823601732493604,0.7069507733994651
-0.7272744629195335,-0.8511950179036681
-0.6702947866438461,-0.9884132127972037
0.3420706727314828,0.9447637488679059
-0.8081290542814065,-0.9120188004506092
-0.5857165282566673,0.7090386308436192
-0.7021077901743028,-0.4409389652401144
-0.3440565675412796,0.02595183932712963
-0.2257395607130613,-0.6203510676909784
0.5698379887589262,0.3693138963439537
0.9426021707043906,-0.5931538452990476
0.7053765178841296,0.2905714405863491
-0.5544752708843278,0.03066145320287172
-0.5909486850664686,-0.5625336388509478
-0.1585996696699022,0.8655395844483138
-0.7021485421645565,0.9989899539036957
-0.770713286592274,0.6543955417327665
-0.8365001697354112,0.03561757597866277
0.784458343079572,0.6897531306967899
-0.4138028108574286,-0.4851319271180868
-0.5481632055522528,0.8693359357014652
-0.1860569672233648,-0.7599126762551353
-0.1929892942837664,0.8675040598044215
-0.3557224909698026,0.5184508966771257
0.1394765511078324,-0.9738187668359889
0.6589541977351585,-0.243387142830119
-0.3958790199028667,0.9494474930423427
0.5468029097822684,-0.04137444280757918
0.07561820470274805,0.3043030587190805
0.2704794272570197,-0.8148721029979148
-0.5858966882110258,0.05621506463994663
0.3442431110325812,0.9535406150991912
-0.268130312967945,-0.7674734247132372
-0.2221460751542587,0.8667482818562338
0.8429835821905272,-0.2779712266960394
-0.437743556208298,-0.8810509426846521
-0.7855433886972124,0.5739170568973104
0.2277878521979861,-0.3746340750275244
0.5273983545319996,-0.4903617732430728
-0.7484182851136508,0.182933975931818
-0.05238467705250527,-0.8587888496739701
0.9148961991932349,-0.09694225141992108
-0.5316051177390736,-0.405343975628495
0.8431884453765413,-0.9060489025238255
0.6152380849991805,-0.03161330537532037
-0.1177462935695438,-0.8961243887722784
-0.4903894809228894,0.9640309606966186
-0.6612722649346402,0.3199396758192712
0.7176050278615866,0.3207251484063445
-0.2505839185372812,0.8640443998893852
-0.01103374329043982,0.06562175786765945
0.09144536888859189,0.408964672991935
-0.578633030986741,-0.5349892752249087
-0.8270293226932691,0.234919200631108
-0.5469929248088495,-0.3449399352104895
0.6232413462587834,0.6290020721423619
-0.7052401250258874,0.08692687149075096
-0.3493401181568213,-0.3676382786536242
0.9182066206914945,-0.3550845128693919
0.2113900421768282,0.5099202444326079
0.9460635239953974,-0.792617482024737
-0.8116971700773338,-0.431314105189471
0.8946336198835352,-0.9728030156890289
0.7548110849320644,-0.4756471206133263
-0.8694707651823191,-0.7820641722952429
-0.9989642016132688,-0.4570082221181747
0.5710152291603616,0.5604502497098611
-0.08045022185256412,-0.02257817878798651
-0.7754994205015838,0.7231140087550316
0.6418278613162851,0.6897760986848318
0.7414841977097224,-0.9890867802614757
0.7244849873234531,0.8705119778349497
0.223286076476698,-0.1823374690238645
-0.2763145071323673,-0.6266678246445155
0.3876193224555959,-0.3681889870825731
-0.9822019570652526,-0.06798946394220307
0.6941015695610524,-0.8139685336720369
-0.7925398186168863,-0.1199958618077149
-0.7675020866440682,0.5714507400185096
0.4721549336760644,-0.38910719208454
0.6770357727089127,0.1453178002100393
0.6428724382852091,0.4061090780198107
-0.1840990358077373,-0.4251986051845665
-0.2361932702644877,0.067923929812018
-0.7709022146047554,0.7218154216366008
0.9037071751614254,0.1856917217992251
-0.2838054205732036,-0.1526008365338968
-0.6441799072400681,-0.5790669579918101
0.1288228618932965,0.6872881119378369
-0.557786093583322,0.2978130244482331
0.7541632617435865,0.8633796139716077
-0.4149146377779923,0.2614094212622151
0.3275011626109026,0.3556902671989879
-0.8034130798597302,0.8018145849370713
-0.4490342026051656,-0.3313347440582742
0.7131888544931735,0.9910896314427922
0.4498773332023478,-0.230204831355498
-0.4028835959781515,-0.6946349680610976
-0.188228225417847,-0.009767126395510028
-0.5703823756050937,-0.9897355096940389
0.1778281779012199,0.4026467698197391
-0.8042502583242125,0.2032335681253605
0.6035140944277586,-0.6097671430920625
0.8198520439195356,0.4489136160261364
0.02286374922326595,0.6335514664712187
0.1415023708785037,0.8250502935056805
-0.9284228990103626,-0.6456182878243993
-0.8514061263488907,0.4164452684112347
-0.1814458641079307,-0.01190164764989377
-0.8265759844667152,0.8652704823575907
-0.5989935475288793,-0.9616201991806513
-0.7198723717062606,-0.5573049864216769
-0.269958529574207,-0.3052815337451574
0.7765946485372492,-0.8692665546495292
0.3497244748460331,-0.6245998590129161
-0.4873072970361018,0.3894381610470039
0.8877696837736135,0.7019109009515059
0.6367482683012116,-0.04397001839676273
-0.608926610413811,-0.6405181952415108
-0.7526575873053231,0.364291091675057
-0.2877576630732629,-0.890839615391852
-0.3902569019204084,-0.9674136205883818
-0.9458717690590722,-0.2110779270915021
-0.4958394344239733,0.7045259643368122
0.6224263253531903,0.2906947764213337
0.9221132046941845,-0.5692806929843116
-0.375444114488572,-0.9345227405476758
0.3493539415731228,-0.1503638047980452
-0.07750749569066728,0.2292075191781446
-0.9082130763409827,0.5235070051348027
-0.9145760883817226,-0.3154677608249109
-0.312317220327034,0.8051149414747689
0.7151922037173661,0.3914379564114288
0.7099021885126591,0.153561316816335
-0.589960950780629,-0.8973404116445346
0.3380134152537568,0.8198318702354583
-0.7924473626771219,0.3482299537533851
0.1674540143851591,-0.9518184825844037
0.8155220626505475,-0.7792839065157035
-0.8617188836856234,0.1351460770538664
-0.09380849065149566,-0.8716337097097536
0.1326288010518439,-0.6898465568928615
-0.7448733136938858,-0.3423726575697833
0.9131743004079473,0.4520546816328117
0.04729638929541391,-0.3979133238805058
-0.3631359612850974,-0.7893488108084473
-0.3884969294494302,0.2784241054728132
-0.9890176391997482,0.2041348478022151
0.7812923559027636,0.1128875629100445
0.2936953277364198,0.03550847537924762
-0.3333906353006678,-0.3441821423202197
-0.8706259430865114,-0.7688060231730532
0.3444842157631165,0.048637303152683
0.8643196190791393,0.8937288599265729
0.435406853756199,0.5525732117122961
-0.4444274067790778,-0.5056341912331966
0.2924095420941082,-0.131168857491038
-0.6234995491821239,-0.1243777817299095
0.4424399413156148,-0.2767161903016612
-0.4446839201062843,-0.7687744628111456
-0.03210267417262613,-0.5126662205248279
0.03413017253163964,-0.9241136877661801
0.4809136133618017,-0.6842497534924793
-0.2203709751255761,-0.3509379347297247
-0.9433096406464904,-0.6282448879773587
0.4783918873590725,-0.8976616835996901
0.9024974872671505,0.784393952016037
-0.2855188913546721,-0.652657984001585
-0.4565987529568288,-0.1783691394693531
