1.22754,0.904369,0.271228,0.107997,0.0816158,0
2.6529,0.448103,0.241071,0.0892857,0.0915179,0
0.348326,0.601581,2.48791,-0.747559,0.714086,1
0.562897,2.58252,-0.387478,-0.169648,-0.124351,0
1.79003,1.50459,-0.212598,-0.115486,0.0879265,0
1.98941,2.51973,-0.358999,-0.13667,-0.0895091,0
0.258701,1.38863,1.39559,-0.523202,0,0
0.251685,1.13258,2.40225,-0.700562,0,0
1.36199,1.30088,0.486304,0.384745,-0.276865,0
0.258797,0.725312,0.860386,1.09194,0,0
0.364972,0.881813,1.19473,1.14942,0.780159,1
0.571497,1.80601,1.2898,-0.369876,-0.154909,0
0.437267,0.560943,1.31389,1.81113,-0.512457,0
0.713198,2.68782,1.46785,-0.43824,-0.198816,0
0.471953,2.16243,-0.375101,-0.357143,1.61118,0
0.598249,1.58268,-0.355058,-0.151751,-0.0749027,0
0.408596,0.790067,1.24279,1.74709,-0.517096,0
3.62398,-0.245412,0.443967,0.170832,-0.0685279,0
-0.180964,0.648681,1.49106,-0.832677,-0.410731,0
0.10439,0.495532,1.1255,-0.400864,-0.370814,0
0.848667,1.93766,0.812242,1.2745,-0.446113,1
0.301099,1.93407,1.66637,0.694945,-0.314725,0
0.37934,0.714084,0.897544,1.60655,1.21423,1
0.165529,0.724119,1.74239,1.00701,0,1
0.974665,1.07042,2.24143,-0.609538,-0.293964,1
0.154527,0.799183,1.51464,1.59598,0,0
0.482674,2.62206,0.749217,0.833692,0.691366,1
0.791014,1.38005,-0.23784,-0.119951,0,0
0.178941,0.742341,1.6476,1.41915,1.10672,1
0.264892,1.67828,0.805661,0.324461,0.158217,0
1.18306,1.85696,-0.264368,-0.113665,0.094934,0
0.917916,0.75803,-0.1606,0.0749465,-0.0435403,0
0.21486,0.54896,1.03677,1.73152,0,0
0.996831,1.89628,0.828868,1.4794,-0.399597,0
0.0948738,0.624331,-0.789594,2.61285,0,0
0.370526,2.96268,-0.436786,1.22734,-0.389185,1
0.436077,0.822461,2.47855,1.38179,-0.472417,0
0.444985,0.809103,2.0274,1.44189,0,1
0.361111,2.71581,0.915064,-0.474893,-0.190171,0
0.378925,2.84965,0.735498,0.556945,1.13199,0
0.120184,0.714824,0.427136,0.845896,0,1
3.43607,0.37214,-0.111036,-0.0652759,0.0686406,0
0.257099,1.15542,2.3255,-0.601221,0,0
2.23406,0.545511,0.170898,0.0941176,0.0687307,0
0.627605,1.02304,2.13018,1.30743,-0.705565,1
1.57332,1.12838,0.419761,-0.2146,1.30585,0
0.116463,0.484543,0.917326,1.6729,0,0
0.161813,0.522158,0.970372,2.07293,-0.848569,1
0.421958,1.47751,1.70238,1.15476,-0.50463,1
0.215753,0.376256,0.622146,1.72854,1.36918,1
2.31849,1.82628,-0.356347,0.991091,-0.285078,0
0.807229,2.16823,0.714413,0.839804,0.579652,1
0.116421,0.477885,0.762074,0,0,1
0.295907,0.730439,2.63195,-0.761194,0.49265,1
0.916565,2.23752,-0.446407,0.247259,-0.134592,0
3.19208,0.674804,0.812529,-0.20175,-0.0833717,0
0.376344,1.21765,1.49685,0.859103,-0.371524,1
-0.188144,1.59536,2.10825,0.716495,-0.332474,0
1.40209,1.42594,0.47167,-0.144632,-0.0884692,0
0.975619,2.68867,0.747187,0.852588,-0.263316,0
2.05917,1.63669,0.745562,-0.168639,0.156805,0
0.555046,2.55734,1.38532,0.577982,0,0
0.30672,2.90818,-0.478709,-0.189621,0.204591,0
0.442455,2.43887,-0.452685,-0.226087,-0.117136,0
0.686016,3.25858,-0.524626,-0.225154,0.156552,0
0.249415,1.42272,1.51756,-0.459016,-0.233021,0
0.348837,0.801034,0.720069,1.19509,1.3441,1
0.150164,1.13836,1.60525,-0.456393,0,0
0.413476,0.790556,-0.985117,-1.25355,-0.473414,0
0.69112,0.816602,2.02066,-0.678958,-0.683591,1
1.53276,1.71562,-0.331174,0.433405,1.29806,0
0.327394,2.71121,0.738431,0.306607,0.190794,0
0.297328,0.62617,2.66716,0.973967,0.521923,1
0.26437,0.90641,2.21319,-0.60858,-0.371708,1
3.36729,0.659964,0.941019,-0.242181,-0.0947274,0
0.12744,0.5221,0.880637,1.744,0,1
0.145955,0.626888,0.454464,0.293854,0.915059,1
0.349682,1.19074,0.627611,-0.277021,-0.121708,0
0.278751,1.37294,1.13658,0.452653,0,0
0.720258,0.501935,0.870452,2.02142,-0.563097,0
1.01427,0.4915,1.76078,0.846691,-0.239526,1
2.90924,0.52085,1.26329,-0.330335,-0.141864,0
0.298679,0.848748,1.67942,-0.609179,0.506606,1
0.0996516,0.508362,0.478746,1.83728,0,1
0.171964,0.71375,0.529643,0.352857,0.900357,1
1.32179,1.15342,0.403419,0.371368,-0.395299,0
0.430635,0.803497,1.94565,-0.763588,0.523375,1
0.601831,0.504059,2.29832,0.889273,-0.434617,1
0.265734,1.22853,2.27133,0.878601,-0.325874,0
0.268733,1.11652,2.65947,-0.671244,-0.328364,0
0.328439,0.656335,0.838499,2.11746,1.77923,1
-0.120578,1.06354,2.83032,-0.797834,0,0
0.75494,3.3087,-0.469079,0.254042,-0.152425,0
2.78051,0.932149,0.300091,0.17714,-0.176685,0
0.245332,0.355226,0.743507,1.93411,1.38914,1
0.747885,1.16041,0.79797,0.896108,0.820981,1
0.756794,1.42613,0.594425,0.232404,0.220209,0
0.298678,1.96815,1.04147,0.861779,-0.426082,0
0.796313,2.22212,-0.436515,-0.362474,1.47339,0
0.304035,0.560927,1.21534,0.762285,0,1
0.650938,2.35986,-0.503127,0.290506,0.147811,0
-0.146952,1.39343,1.57269,-0.542991,0,0
0.477073,1.05084,1.54605,1.68939,-0.494019,1
0.283019,1.00777,2.19534,-0.894562,0,0
0.221896,0.577201,0.606998,1.7842,-1.14334,1
3.48943,0.377644,-0.122356,-0.0679758,-0.0490937,0
0.188974,0.36294,0.528331,-0.788668,1.53721,0
0.187092,0.517974,0.70915,-0.783497,1.87745,0
2.70802,0.540114,-0.14292,-0.0841736,0.138974,0
0.183999,0.701545,0.859144,1.85786,0,1
0.587908,0.44183,2.20065,1.25458,1.26961,1
0.308051,1.21357,0.546241,0.307385,0,0
0.3622,2.84795,-0.60141,0.482934,0.694217,0
0.581951,3.25171,-0.51122,0.702439,-0.250244,0
0.272655,1.30604,2.32114,-0.522655,0.51868,0
1.97295,1.48246,-0.319315,0.222105,-0.100803,0
0.421902,3.29366,-0.509798,-0.202882,-0.133141,0
0.692674,1.99048,-0.3105,0.179053,-0.113991,0
1.09941,2.42761,-0.398422,-0.168836,-0.112426,0
0.268759,1.49659,2.21692,-0.727149,0.566166,0
0.487569,3.36495,-0.445088,0.360367,0.688631,0
1.41764,1.75628,-0.378751,-0.13166,0,0
0.208381,1.30578,1.85391,-0.783692,-0.536806,0
1.82086,1.4325,0.518234,0.34293,0.650672,0
2.62806,0.845232,0.401897,0.298552,0.702946,0
0.195015,1.53739,1.31085,0.581378,0,0
1.47252,2.26763,-0.362021,0.189895,-0.181011,0
0.284274,1.94489,1.86425,0.608871,0,0
1.1657,1.3815,1.90655,0.706166,0.374759,1
0.468559,3.17193,-0.550544,-0.22632,-0.152826,0
0.619707,1.69515,-0.578907,-0.232487,-0.163202,0
3.15098,0.540075,0.2274,0.216216,-0.0605778,0
1.78106,1.99522,-0.359687,-0.139444,-0.104692,0
0.942132,1.8797,1.17919,0.719289,0.724873,0
0.242836,0.917044,-0.659125,2.23265,-1.07768,1
0.398893,0.824279,2.57411,-0.685949,0.620892,0
1.04647,2.51362,0.864984,0.811699,-0.214343,1
0.230769,2.25141,-0.456848,0.321764,-0.183865,0
0.223558,1.07181,2.29417,-0.739784,-0.45643,0
1.3965,2.00971,-0.285992,-0.15627,-0.132743,0
1.17904,1.32754,-0.230539,-0.0934132,-0.0640719,0
0.12117,0.575209,0.96727,0.942897,0,1
3.25589,1.14141,0.35578,0.279461,0.132435,0
-0.220705,3.0165,-0.620592,-0.330489,-0.170648,0
0.313576,2.25621,1.03537,0.563576,0.271511,0
0.539324,1.66595,1.93537,1.43133,-0.430833,1
3.77284,-0.30605,-0.128114,-0.0865955,-0.0652432,0
0.105744,0.132457,-0.144775,0.470311,0.892318,1
0.229375,0.452074,0.523128,1.46924,1.04626,0
0.626363,2.34291,-0.448959,-0.212091,-0.119921,0
0.400999,2.32167,-0.347283,-0.164272,-0.0930668,0
0.679167,2.4825,-0.57,-0.218333,-0.115,0
0.497261,2.58618,-0.581121,0.292457,-0.17952,0
0.231608,2.62707,0.686973,1.59698,-0.482262,0
0.482009,2.12594,1.94303,-0.484258,-0.245877,0
3.13917,0.70444,0.245195,0.914513,-0.227303,0
2.02615,1.54707,-0.263598,-0.084728,0.0878661,0
0.991881,2.13307,-0.294388,-0.151783,-0.110131,0
0.154957,0.772859,1.795,1.07603,0.553417,0
0.115876,0.317518,0.430049,0.708029,1.30353,0
0.136357,0.214024,0.236585,0.45,0.84657,1
3.56764,-0.290447,0.157372,-0.0706792,-0.0441745,0
2.44953,1.21188,-0.162491,-0.0808876,0.0823193,0
0.740535,2.84362,0.936626,0.511728,0.602263,0
1.55501,2.05696,-0.419669,0.285784,0.848101,0
1.4707,1.34431,0.443713,0.155365,-0.226465,0
0.359723,2.55999,-0.671499,-0.568466,1.36864,0
0.12663,0.789979,2.1359,-0.854152,0,0
0.972236,1.95548,-0.44854,0.295357,0.270943,0
0.36409,1.86334,2.60599,-0.605486,-0.248379,0
2.93604,0.788225,-0.128335,0.0931809,0.0614147,0
1.22933,1.56866,0.534508,0.332135,0.285047,0
3.13027,0.54023,0.201149,-0.0670498,-0.0383142,0
1.58569,2.25627,-0.352376,0.195942,-0.223705,0
0.674451,1.17376,1.71818,0.621566,-0.20467,0
0.472797,1.0716,2.2994,1.0881,0.910144,1
0.891908,1.53353,-0.286705,-0.118497,-0.0693642,0
0.17369,0.452727,0.970267,1.70053,-0.601497,0
0.757407,2.97037,-0.460741,-0.192222,0.151111,0
0.537942,0.8342,2.37058,-0.719854,0.72973,1
0.170519,1.12249,1.58001,-0.470129,-0.204143,0
1.49561,2.1307,-0.35614,-0.297368,0.745614,0
0.555985,1.23103,1.49946,-0.436278,1.25446,1
1.6338,0.492893,0.119758,0.121713,-0.172886,0
0.363271,0.439729,1.95098,1.00951,0.718676,1
0.473352,2.88832,-0.44809,-0.222274,-0.158041,0
0.211193,1.47281,1.83844,0.714097,0,0
1.78164,0.78623,-0.151475,0.11541,0.0813115,0
-0.0642433,0.499407,0.74362,1.57997,-0.991543,1
0.226887,0.986677,2.50343,-0.842148,0.616472,0
2.50321,0.460674,0.210273,0.170144,-0.065008,0
1.22955,1.56858,0.534604,0.332015,0.284918,0
0.41954,0.62931,2.32088,-0.719029,0.917305,1
0.0895062,0.324074,0.285751,0.467593,-0.390689,0
0.113172,0.409305,0.381641,0.994027,1.08991,0
0.842232,2.64106,-0.459525,0.228729,-0.123321,0
0.661125,1.66528,1.07864,-0.371164,-0.158568,1
0.892403,0.599788,1.39042,1.39929,1.39227,1
1.14077,2.76231,0.885385,0.359231,0,0
0.397645,1.76939,1.49389,-0.521266,-0.282266,0
0.47929,2.50205,-0.598543,0.323168,-0.150205,0
0.908344,0.895507,1.07189,0.936842,-0.229525,1
0.881368,1.28967,1.72635,1.09825,0.834061,1
2.45195,-0.211493,0.22162,0.165803,-0.0614696,0
2.03917,0.450428,0.138311,0.0856793,0.0722154,0
1.43521,2.50877,1.0871,-0.211757,-0.111111,1
1.05171,2.55941,-0.348735,-0.146865,0.172717,0
2.05921,1.3444,-0.212996,-0.103249,-0.0613718,0
0.143334,0.545748,0.624205,1.11036,0.548227,1
0.606112,2.02377,2.36672,-0.614601,-0.321732,0
3.04598,0.977011,-0.225575,0.142241,0.24569,0
0.413519,2.37376,0.941352,0.511431,-0.257952,0
0.273327,1.02993,1.5154,0.791813,0.410651,0
1.48718,1.55407,0.738573,0.304905,0.336678,0
0.222642,0.367116,0.569811,1.78895,1.50323,1
-0.138693,0.499174,0.677686,1.59654,-1.02885,1
0.664983,2.47576,0.620875,1.35909,-0.365152,0
0.393972,0.949053,2.30381,1.51107,-0.516138,0
0.243339,1.11634,1.77265,-0.575192,0,0
0.29985,0.715142,0.781109,2.23138,-1.14843,1
0.403322,0.356639,1.87059,1.13278,-0.72446,1
1.04688,2.58876,-0.447473,-0.276596,0.941822,0
0.985007,1.68416,-0.277379,-0.146023,0.112777,0
0.733706,2.34637,1.11546,-0.345748,-0.170081,0
0.884994,0.328095,1.847,0.75082,0.38698,1
0.15475,1.23213,0.554358,1.04701,1.07933,1
0.638454,3.10421,-0.520059,-0.249022,-0.125245,0
0.245487,0.726663,1.12171,1.73904,-0.780815,1
-0.425647,-0.740602,1.04637,-0.529657,-0.319549,1
0.563934,2.68013,0.946623,0.763148,0.722492,1
0.205426,0.764535,-0.709625,2.16118,-0.940245,1
0.725937,2.70096,1.13079,0.415871,-0.183688,0
0.129273,0.555625,1.31448,0.927906,-0.4133,0
0.324332,0.712166,0.740653,1.91039,-0.907715,1
0.197155,1.01501,0.615962,1.15646,0,1
0.64339,2.52949,0.954802,0.422599,0.218079,0
2.31962,1.2491,0.329089,0.16128,-0.0754163,0
0.5566,2.49423,-0.422683,0.309483,1.18518,0
0.108769,0.59317,1.24199,1.11804,-0.446037,0
0.234037,0.758035,0.699986,1.06031,0,1
1.28436,1.71036,-0.321001,0.249471,-0.180761,0
1.0269,0.820301,1.07712,1.06402,0.468795,1
0.584391,2.85969,0.779588,1.04545,-0.378731,0
0.198545,1.01968,0.957638,1.15618,0,0
0.549556,3.32027,-0.605769,0.650148,0.875,0
1.09286,1.6119,-0.365873,0.528571,0.511111,0
0.214351,1.30952,1.79173,-0.597446,-0.244451,0
0.315889,1.22424,1.04298,0.494372,-0.539249,0
0.661908,1.5139,1.83546,0.661157,-0.229151,0
0.0847054,0.295711,0.294627,0.551776,0,0
2.0782,1.09479,-0.14455,0.0936019,0.0841232,0
0.257664,0.378102,1.12169,1.36444,-0.783837,1
1.10706,1.53204,-0.338445,-0.112815,-0.0813253,0
0.332899,0.427481,0.951778,2.15249,-0.795569,0
0.600283,0.790591,2.00637,0.733286,0.348426,0
2.4934,0.321729,0.402161,-0.0960384,-0.0696279,0
0.987275,1.97676,-0.432918,1.57759,-0.481881,0
0.199879,0.684131,0.569655,2.18474,-1.03937,1
0.692694,2.37089,-0.585611,0.312326,0.158951,0
0.227979,0.84456,1.89668,-0.5605,-0.294422,0
0.469616,2.98401,-0.535048,1.01239,-0.35088,0
0.580237,3.39292,-0.716211,0.4098,-0.169617,0
0.0826173,0.291474,0.287508,0.539766,0,0
1.60939,2.16513,-0.492037,-0.546521,0,0
3.66012,0.423024,0.357241,0.361809,-0.110096,0
0.266189,1.26812,2.17801,-0.808763,0,0
0.315287,1.22187,2.19639,-0.605096,-0.437367,0
0.440876,0.595765,2.27028,0.922912,0.601713,1
0.441729,0.975993,2.11305,-0.531646,-0.387167,0
0.237816,0.898917,1.43863,2.11327,0,0
1.12636,2.53261,-0.339402,0.183424,-0.110054,0
3.73147,0.622731,-0.170483,-0.0834606,-0.0573367,0
1.80089,0.525093,0.16277,0.236337,-0.124348,0
-0.104083,0.383331,-0.446426,0.672745,0.844522,1
0.423918,2.37506,1.00372,0.522569,0.791996,0
0.264271,1.16303,1.83322,-0.511628,-0.233028,0
0.305922,0.593098,1.17682,0.804857,1.00469,1
3.63155,0.732191,-0.163474,-0.0823253,-0.0556116,0
2.50919,0.294485,0.176103,0.213971,-0.0680147,0
1.30447,1.08204,0.30629,0.136737,0.10392,0
0.774889,1.6604,0.961836,0.452434,0.245575,0
1.91048,1.2533,-0.210271,-0.0971548,-0.0617627,0
0.607114,1.62756,2.08309,0.693921,-0.246881,1
1.26181,2.09306,-0.413889,0.213194,0.165972,0
1.13668,0.603365,1.70433,0.635989,-0.259615,1
0.902496,2.82483,-0.413057,-0.170898,-0.12844,0
0.286244,1.38556,1.22603,0.468037,0.277112,0
0.359876,0.984143,1.41675,1.03413,-0.363668,1
0.579567,3.16594,-0.617337,0.386378,-0.172755,0
0.295072,1.88334,1.13911,0.840299,-0.434186,0
1.19828,2.25834,0.673022,-0.462345,0.786463,0
0.158319,0.530896,0.944191,1.57604,-0.531417,0
0.596108,2.86853,-0.439487,0.24205,0.196013,0
2.75992,0.279485,0.18466,0.210139,-0.0745994,0
0.231021,0.540762,0.695632,1.57884,0,1
0.703906,0.988281,1.6875,1.48047,-1.12031,1
0.644834,0.607011,1.68127,0.866697,1.10563,1
1.16268,1.9106,0.642648,-0.211041,-0.201514,0
0.642405,2.01013,1.61203,-0.394937,0,0
0.349018,1.24819,2.22492,-0.700103,0.489659,0
0.288596,0.805702,1.81535,-0.75614,-0.330702,0
0.351675,0.732536,2.17416,1.24689,1.489,1
0.365461,0.526488,2.42474,0.917853,0.95776,1
0.492908,2.22299,1.20924,1.38354,-0.441585,1
0.580117,1.03013,2.13344,-0.391419,0.540683,0
1.47059,1.70868,1.0056,0.694678,1.07983,1
0.514966,1.15236,0.963758,1.27624,1.73242,1
0.228023,0.470995,1.64748,1.18362,0.704819,0
0.932477,2.29957,-0.489777,-0.202092,0,0
0.831728,3.08507,-0.598983,0.49679,0.314072,0
0.184988,0.508801,1.03022,1.8718,-0.761209,0
0.634068,2.29232,0.884471,-0.353036,0.193444,0
0.624131,1.28252,1.27259,0.790467,1.38034,1
2.47329,0.333732,0.205742,0.207735,-0.0625997,0
1.56836,1.36282,0.413762,0.15639,0,0
3.51737,0.649667,0.376201,0.52476,-0.131559,0
0.194838,0.453573,0.76802,0.712937,0.720491,1
1.141,0.731691,0.150582,0.0876112,0.0889802,0
0.567435,0.907757,1.46471,-0.616352,-0.491964,1
0.110498,0.469267,0.729971,0.646813,0,0
0.250412,0.849259,0.588962,1.75288,0,1
0.503634,2.58487,-0.57717,0.308679,-0.15776,0
0.405029,0.866469,1.8259,-0.590957,-0.399746,0
3.56068,-0.276826,0.179465,-0.077134,0.0661639,0
2.88924,0.336018,-0.111047,-0.0745109,0.0699079,0
0.959151,2.55942,-0.490186,0.956499,-0.298939,0
0.1838,0.555953,0.533507,1.13565,0,1
0.265102,1.44346,0.829946,0.381334,-0.140281,0
0.453465,1.69373,1.48977,0.666667,0,0
0.346959,2.40777,0.623986,0.346622,-0.310811,0
0.884597,1.78945,1.2765,1.4065,-0.495996,1
1.36352,1.94133,-0.340561,-0.128827,-0.0752551,0
0.487241,2.89686,-0.55278,0.567284,0.830782,1
0.891908,1.53353,0.286705,0.118497,0.0693642,0
0.690003,0.606433,1.73888,1.30495,0.578997,1
2.23379,0.711077,0.3951,-0.215416,0.437979,0
0.206897,0.729274,1.06236,1.44803,-0.468819,0
0.465139,1.11097,0.826841,1.2383,-0.550245,1
-0.0905588,0.513809,0.864483,0.766217,0.642903,1
0.520747,2.9471,0.989108,0.444502,0,0
-0.211111,-0.514114,0.597898,1.06517,0,0
0.180887,1.09898,0.809556,1.20341,0,0
0.180563,0.677957,1.22251,1.74492,-0.507817,1
0.55,2.39924,1.56439,-0.498485,0,0
2.4,0.626778,0.189958,0.171548,-0.100418,0
0.300856,1.24868,2.83082,-0.685283,0,0
0.249288,0.468206,1.13572,-1.11579,2.31889,1
0.25998,0.644831,0.76868,1.18117,0,0
-0.0592961,0.345065,0.581102,-0.647666,-1.2456,0
0.151922,0.428145,0.846211,2.31952,-0.755506,0
1.27365,1.40383,0.393996,0.184644,0.118757,0
0.334555,1.50642,2.30385,-0.683776,0,0
0.895193,0.558708,1.32125,1.42107,1.51615,1
0.344542,2.8851,-0.651234,0.617776,1.11727,0
0.176561,0.256453,-0.164381,0.891076,1.0442,1
0.120165,0.342486,0.574993,2.15486,-0.634485,0
0.194838,0.453573,0.76802,0.712937,0.720491,1
0.519789,3.04802,0.991557,0.453298,0,0
0.590814,2.43737,1.01983,-0.387265,-0.174322,0
0.86949,1.71384,0.503099,0.307507,-0.296315,0
1.63064,1.36936,-0.274611,0.217617,0.160622,0
0.463511,3.04125,-0.547329,-0.242464,-0.150185,0
0.247649,0.947312,2.06014,-0.911123,1.51925,1
0.148814,0.660831,0.447239,0.296196,0.957504,1
1.82502,2.40229,-0.332788,-0.143091,-0.0973017,0
0.169069,0.397475,0.677865,1.65431,-0.651426,0
2.1957,0.268817,0.512903,1.84086,-0.527957,0
1.61078,2.17457,1.11423,0.548135,-0.152925,0
0.917466,1.68042,0.576775,0.633397,-0.199616,1
1.56505,2.35912,-0.362587,-0.156274,0.145497,0
0.56434,3.34361,-0.605843,0.750754,-0.269882,0
2.42764,0.981291,0.294005,0.239786,0.44139,0
2.03872,0.720565,0.25641,0.22763,0.506541,0
0.228092,0.459853,1.62811,1.28169,0.711521,0
3.05565,0.469497,1.1657,-0.279472,-0.104699,0
0.934407,2.11507,1.77675,-0.421174,0.546605,0
0.66012,1.69513,0.989752,-0.263877,0.150299,0
0.73298,0.593797,2.01059,-0.693268,0.414145,1
0.288288,0.715315,1.05946,0.848649,0,1
0.146907,0.695876,1.75129,0,0,0
0.137398,0.620867,1.36926,2.23358,0,0
0.486074,2.34483,1.50796,0.67374,0,0
2.40595,-0.220699,0.215974,0.198015,-0.0666352,0
2.03908,0.854709,0.165832,0.124248,0.101703,0
0.387527,0.855094,2.5326,-0.636151,-0.545773,0
3.49581,-0.272583,0.179534,0.110256,-0.0599955,0
0.476513,0.952879,1.61596,-0.337506,-0.165955,0
0.164573,0.495729,0.466834,0.780653,0,0
0.712644,2.03407,1,1.20156,-0.3789,0
0.88558,1.91317,-0.327273,0.194671,-0.125705,0
0.64344,1.06597,2.15048,1.37089,-0.55745,1
2.7049,0.539405,-0.142732,-0.084063,0.138354,0
0.0735118,0.3332,0.420695,-0.872153,2.37695,0
0.0914272,0.282593,0.336737,0.455949,0,0
1.45811,0.693189,-0.128993,0.131404,0.117541,0
0.624229,2.41615,0.754907,0.399327,-0.296691,0
-0.14786,1.24319,1.99027,-0.756809,0,0
2.21681,1.8708,-0.386726,0.776106,-0.223009,0
0.475574,2.53981,-0.44724,-0.222032,0,0
0.336927,1.80961,1.48567,-0.410194,-0.25925,0
0.354622,1.98819,1.18459,0.50982,-0.365746,1
0.330872,2.3349,-0.436242,0.302013,-0.116779,0
1.02104,0.493581,1.73009,0.886775,-0.243929,1
0.214072,0.744012,0.911677,2.22081,-1.08608,1
1.76522,1.21717,-0.227439,0.195158,0.16361,0
0.399959,0.993831,2.37282,-0.643224,-0.369114,0
0.821204,1.98383,-0.405211,-0.14735,0.15903,0
0.79639,1.33141,-0.32491,-0.101083,-0.0620939,0
2.20307,1.25228,0.461244,0.437518,-0.234453,0
0.685693,1.06929,1.18096,1.04885,1.84048,1
1.04599,1.1314,2.43499,-0.496888,-0.217842,1
0.403057,2.67077,-0.53654,0.357196,-0.15399,0
0.493905,2.24667,0.987811,1.17689,-0.410905,1
0.146218,0.553595,0.71398,2.29538,0,1
0.677083,1.84801,-0.429451,0.329072,-0.356534,0
-0.0437509,0.190497,-0.185775,-0.3444,-0.488343,1
-0.224615,2.15795,-0.462564,-0.259487,0,0
1.0637,-1.01152,-0.545775,1.59923,-0.582907,0
0.71562,1.75042,0.852292,-0.225806,0.131579,0
0.440074,0.977193,2.73074,1.29044,-0.413312,0
0.200746,0.733655,0.887451,-0.339842,1.24002,1
2.18004,1.27454,0.459142,0.426808,-0.23398,0
2.01856,0.887342,0.358946,0.31199,1.0193,0
0.474783,1.01565,1.40348,0.788406,1.90174,1
1.16537,0.902724,1.66099,0.64786,-0.263619,1
0.486073,1.58438,1.69907,-0.480066,-0.23266,0
0.681683,1.98045,1.23672,-0.433489,-0.516787,0
0.138861,1.5045,1.46154,-0.766234,0,0
0.130076,0.559532,1.37715,1.33586,-0.430145,0
0.269492,0.524153,0.711441,-0.714407,0,1
1.41305,2.81137,0.737263,-0.216421,-0.130947,0
0.181341,1.36768,1.86868,-0.674837,-0.421211,0
0.530484,0.257133,1.62472,0.905292,-0.513082,1
0.316143,2.05022,1.63184,0.688341,-0.285202,0
0.307749,1.44096,1.88745,-0.59262,0,0
0.668861,1.97564,1.70968,-0.429888,0,0
1.44555,1.40107,-0.279908,-0.118865,0.120399,0
0.147322,0.78929,0.395847,0.67235,-0.93377,0
0.419493,1.30326,0.85084,0.463286,-0.147843,0
3.52687,-0.340544,-0.112352,-0.0614096,0.0662945,0
0.592793,3.00255,-0.507972,-0.200893,-0.142219,0
0.386821,2.21091,0.642964,0.31962,-0.135704,0
0.638053,3.10369,-0.519687,-0.248961,-0.125459,0
0.64976,3.30843,-0.468129,-0.262851,0.599726,0
0.111197,0.332429,0.452925,-0.514142,-0.893452,0
1.10213,2.78034,-0.438029,-0.20503,-0.134976,0
0.14369,0.887593,1.53659,1.64581,-0.601273,0
2.5441,0.372197,0.300448,-0.0807175,-0.0538117,0
0.431545,1.0708,2.32687,-0.591716,-0.312793,0
0.268927,1.35113,2.03079,-0.640395,0,0
0.603295,3.19138,-0.557668,-0.269962,-0.38403,0
0.203113,1.2046,2.0089,-0.546331,0,0
0.345352,1.36752,2.68806,-0.692028,-0.304003,0
0.800296,1.93195,1.97855,-0.491124,0.318047,0
0.259151,0.688141,0.770132,-1.04832,0,0
0.709395,1.75908,0.786221,-0.40501,1.61754,0
0.813126,2.42014,0.647865,0.476015,0.942014,0
3.39868,0.57651,-0.143093,-0.0785773,-0.0471464,0
0.134316,0.328617,0.442806,1.53727,1.55082,0
0.378023,0.982485,2.60196,-0.622602,-0.330692,0
1.83577,0.925478,0.339145,0.194882,-0.13667,0
0.650327,1.80283,-0.366013,-0.147785,0,0
1.63897,1.79607,-0.345166,0.405589,1.02719,0
0.444133,0.698101,2.216,0.741363,0.647059,1
0.189229,1.31441,1.15623,-0.468705,0,0
1.20359,1.85911,0.47541,0.640895,0.66615,0
0.289212,1.28998,2.77353,-0.784239,-0.337414,0
0.43125,0.628125,1.29316,1.11602,2.11563,1
0.339763,2.15974,-0.487636,0.361029,0,0
2.6031,1.13529,1.01956,0.485738,-0.138549,0
0.902503,2.22941,-0.48123,-0.194473,-0.11366,0
0.322946,1.31539,3.0576,-0.833805,-0.440038,0
2.83347,0.581862,-0.13122,0.177769,0.105136,0
1.03637,1.7829,0.375328,0.248594,-0.149606,0
0.406809,1.04147,1.95941,-0.535137,-0.257093,0
0.275349,0.952947,2.4821,1.21245,0.904309,1
0.245706,0.476662,1.83645,0.926438,0.479836,0
0.704959,1.79598,1.07784,-0.285625,0.215317,0
2.07769,0.918048,0.159166,0.125533,0.0833728,0
3.06515,0.628664,0.355049,-0.0846906,-0.0618893,0
1.8782,0.892148,0.759793,1.60955,-0.446253,0
1.30237,1.82928,-0.382627,-0.134355,-0.102495,0
0.245528,0.603086,0.552773,1.51767,1.32513,0
0.383495,2.97775,-0.561084,1.05987,-0.349919,1
0.241779,0.394843,1.44429,1.72203,2.13745,1
0.273555,0.750071,0.942499,0.397381,0.780245,1
0.720356,2.76186,0.787549,-0.221344,-0.115613,0
0.226401,0.671971,1.39964,1.81374,0,0
0.273649,0.759572,0.936655,-0.403716,0,1
0.546176,2.20274,2.0938,-0.596681,-0.295094,0
0.338336,1.21623,2.05218,0.728854,-0.238404,0
0.0916983,0.475855,0.320673,0.505155,0.998372,0
0.139158,0.582081,0.51719,-0.638339,0,1
1.5556,2.1251,-0.371218,-0.157809,0.154538,0
0.736842,2.98925,0.967742,-0.350877,0.207697,0
1.03928,2.52145,-0.385013,-0.155556,-0.107494,0
0.171215,0.957982,2.04437,-0.762026,-0.59572,0
2.36507,0.282237,0.157985,0.154996,-0.059351,0
1.42527,1.81879,-0.247732,-0.135421,0.12527,0
1.49875,0.690058,-0.0889724,-0.0526316,0.0388471,0
-0.137228,0.587409,-1.13089,-0.668025,-0.543931,1
0.0944625,0.381996,0.267693,-0.468759,1.02902,0
0.22573,1.17855,0.639172,0.919552,1.01833,1
0.360357,0.796951,0.593901,1.17888,1.3373,1
0.184701,0.44701,1.27844,1.59527,-0.631711,0
0.951001,0.413805,1.98176,-0.633763,0.339771,1
0.0663492,0.280317,0.41746,-0.54381,0,0
1.20887,1.76098,-0.290466,0.17561,-0.0940133,0
0.714057,2.65772,-0.467212,0.246312,-0.15941,0
0.325718,2.12947,-0.5372,0.353251,0,0
-0.0791311,-0.329325,0.633825,-0.596587,0,1
0.185364,0.746298,1.31036,1.93423,-0.781891,1
0.612034,2.41783,0.90907,0.424787,0.225191,0
1.10664,1.6826,1.01157,0.521127,0.315895,0
1.61313,2.71021,-0.345468,-0.184868,0.235546,0
0.219129,1.02699,2.39851,-0.68034,0,0
0.116406,0.477344,0.743359,0.757812,0,1
0.140557,0.280859,0.456938,1.05162,1.66599,0
0.599334,0.585025,1.52479,0.808652,0.428952,1
1.01292,1.77187,-0.324105,0.206349,0.136582,0
0.220211,1.01307,2.31951,1.10156,-0.358723,0
0.597147,3.40477,-0.606854,0.647154,-0.191646,0
0.718296,0.573572,1.58858,1.18877,0.57212,0
0.556066,2.02973,0.840656,-0.263607,-0.256612,1
1.57215,2.77852,-0.408557,0.265101,0.270973,0
0.251953,1.35742,0.976074,-0.331055,0.216309,0
0.989912,2.66044,-0.402662,-0.163769,0.1481,0
0.105646,0.15757,0.100954,0.546919,-0.671802,1
0.367432,0.76785,1.07265,1.58163,-0.784551,1
2.81653,0.728789,-0.147208,0.219724,-0.0884699,0
0.314525,1.50279,1.33073,0.369274,-0.163687,0
0.161826,0.4508,0.51719,0.789864,0,1
2.16786,1.53673,0.842347,0.708673,-0.195408,0
2.69892,-0.264071,-0.104857,0.0940632,-0.0489591,0
3.26022,0.430645,0.198387,0.124194,0.394086,0
0.255469,0.496107,1.86096,0.935669,0.455877,0
2.50794,1.43604,0.484594,0.157796,0.298786,0
0.250713,1.08005,2.0787,-0.51653,-0.261621,0
0.344872,1.70794,0.566897,0.246015,0.13782,0
1.26572,2.53745,0.849645,0.607162,-0.201476,0
0.757388,2.00704,-0.420208,0.267661,-0.211934,0
2.16991,-0.457965,0.274336,0.264159,-0.123894,0
0.235638,0.368062,0.403603,1.21957,2.12999,0
0.124765,0.67467,0.405367,-0.754708,0,1
0.184018,1.24597,1.7511,-0.498534,-0.210411,0
0.762239,1.80899,0.868579,0.455658,0.298355,1
1.30817,2.35173,1.28938,-0.324582,-0.12858,1
0.231259,0.470603,1.19108,1.86208,0.898824,0
2.93716,0.356925,1.36913,-0.28676,-0.131788,0
0.0898533,0.361247,0.630196,-0.870416,0,0
0.315942,1.00767,1.8436,-0.540106,-0.305129,0
0.254229,1.3467,-0.267748,-0.31827,0.438084,0
0.116629,0.557478,0.741629,-1.24163,0,1
1.84619,0.467156,0.154631,0.114239,0.107303,0
1.18196,2.34437,-0.414206,-0.178372,-0.118516,0
1.19775,2.3,-0.461798,-0.170225,-0.10618,0
0.154154,0.64327,0.915593,2.04798,-0.817859,1
0.44281,1.34528,1.67489,0.769103,0.707641,1
0.525578,2.16959,-0.557113,0.347582,0,0
0.355755,1.0824,2.25504,-0.574925,-0.644058,1
0.390158,1.96134,0.669596,0.45167,0,0
0.664584,2.97117,-0.43777,0.256607,-0.12542,0
0.375,2.2103,1.43012,1.02887,0,0
-0.306784,-1.15251,-0.601256,-0.276884,-0.151005,0
0.725216,2.56573,-0.518319,-0.195043,0,0
0.41184,1.28346,0.820142,0.425032,-0.137387,0
0.815427,1.79972,-0.289532,0.216529,-0.303857,0
0.362399,2.42067,-0.498511,-0.284134,-0.193109,0
-0.0532765,4.32019,-0.486414,-0.243474,-0.161961,0
1.18092,1.30494,0.699623,1.80949,-0.498271,0
0.112616,0.470364,0.856478,0.597375,-0.788738,1
0.311581,0.647506,0.363652,1.12274,0.633981,1
1.09425,2.25296,-0.440879,0.329864,0.929459,0
0.404649,1.15346,2.33281,-0.772319,0,0
0.334289,2.68026,-0.535832,1.17178,-0.36935,1
0.142857,0.542427,1.31257,1.50054,-0.863588,0
0.240663,0.510555,0.664826,2.27184,-0.85872,0
1.01986,0.605169,1.86851,1.40871,0.755564,1
0.690861,2.6355,-0.449536,0.243444,-0.229669,0
0.82859,1.83808,-0.381404,0.240354,-0.26945,0
0.234302,0.726947,1.28023,0.777539,1.44923,1
0.498647,1.06597,1.69469,0.682206,0.402497,0
0.0738357,0.307197,0.355123,-0.593903,0,0
0.244786,2.12514,1.01207,0.493688,-0.246707,0
0.321132,2.36774,-0.556763,-0.297398,-0.263941,0
0.542182,1.0441,1.08308,-0.774606,-1.04538,1
1.05135,2.74874,-0.420034,0.301347,0.618687,0
0.309206,1.46437,1.89347,-0.551225,0,0
0.140438,0.295203,0.574778,1.34925,1.87975,1
0.411895,1.10031,1.9787,-0.533067,-0.240568,0
0.47014,1.37285,2.13131,1.26404,-0.615984,1
0.555004,2.79282,-0.464838,-0.182375,-0.124599,0
1.18541,2.24026,-0.477235,-0.170598,0,0
1.32512,1.20591,-0.295567,-0.0955665,0.0748768,0
0.242062,0.555099,1.88719,1.58984,-0.571909,0
3.14974,0.53959,0.227294,0.21565,-0.0607825,0
0.763636,2.52448,0.914685,-0.32028,-0.179021,0
0.609333,1.35867,-0.746667,-0.270667,-0.193333,0
1.0247,2.4045,-0.50494,0.258507,0.434687,0
0.0918987,0.579454,0.61687,0.844702,0,0
0.175145,0.548175,-0.749651,-1.08378,1.0367,1
0.380069,1.58488,0.644444,-0.244444,-0.128064,0
0.211879,0.746232,0.905363,0.392952,1.21033,1
0.17919,0.42632,0.678564,1.69558,0,0
2.08233,1.93373,-0.321285,-0.100402,0,0
0.104398,0.508219,1.07685,0,0,0
1.33805,1.55533,0.49621,0.516928,1.0384,0
0.0891035,0.509053,0.6257,1.248,-0.478328,1
1.46568,1.69687,0.484898,0.283361,-0.180121,0
0.455631,2.49431,1.20762,0.836177,0,0
0.176483,0.4379,0.842083,2.42019,-0.848698,0
0.585564,2.28305,1.33982,-0.366586,-0.167883,0
0.484652,1.09379,2.29195,1.10914,0.992497,1
0.617176,1.62141,1.97158,-0.600242,-0.257938,1
2.38943,1.31774,0.690765,0.911908,-0.239976,0
0.762257,1.41365,1.48349,-0.29938,-0.312588,1
1.38675,0.811594,2.46211,-0.563561,-0.243478,1
0.672281,0.601637,0.685848,2.13076,-0.568889,1
-0.632019,-0.881255,-0.96605,-0.868061,-0.485599,1
0.379417,0.911321,2.5283,-0.583533,0.517667,0
0.890063,2.74825,-0.414861,-0.176007,-0.120859,0
1.40166,0.89244,1.48801,1.38445,-0.651813,1
0.72673,1.56129,0.564103,0.236038,0.214261,0
0.138037,0.650307,1.20552,1.52761,0,1
0.804781,2.64044,0.794821,-0.223108,0.130478,0
1.57489,1.62445,0.777533,0.397577,0.394273,0
0.312041,0.862352,1.63737,-0.686263,-0.423403,0
0.587902,2.57372,1.48015,-0.412098,-0.188091,0
0.0620991,0.310787,0.417784,-0.533528,0,0
0.619675,1.85548,-0.296907,0.240619,0.261156,0
0.284368,1.38115,-0.305747,-0.146667,0.115862,0
1.20149,1.65485,1.09981,0.458022,-0.222948,1
0.682994,-1.08164,1.52816,-0.873051,-0.347276,1
0.226904,0.877634,0.547812,1.89789,1.18395,1
0.704797,1.80037,-0.386347,-0.15203,-0.0859779,0
0.144783,0.894565,2.31935,-0.760652,-0.55913,0
0.298545,0.891476,1.87069,-0.510187,0,0
-0.966152,1.32597,-0.329286,-0.176233,-0.149742,0
0.567434,0.670842,1.70201,1.23303,1.60414,1
0.244908,1.79582,2.11354,-0.751527,-0.256619,0
1.02414,2.40291,-0.504663,0.258091,0.434449,0
2.54718,0.765712,0.292524,0.746685,-0.23448,0
2.31355,1.35075,0.437555,-0.138175,-0.279894,0
2.18192,0.98677,-0.164278,0.134509,0.105843,0
1.02222,2.18056,0.52963,-0.223148,0,0
1.90941,0.249135,-0.0798993,0.101604,-0.0701478,0
0.748803,2.49935,1.53809,-0.427949,-0.218546,0
0.277639,1.63009,1.85619,1.15461,-0.378637,1
0.152027,0.58231,0.580774,1.10104,-0.481572,1
3.23861,0.650134,-0.13941,-0.0670241,0.0576408,0
0.330812,2.97771,-0.485669,-0.232882,-0.151672,0
1.85365,0.906023,0.338667,0.200466,-0.319756,0
1.00089,1.49063,-0.224799,-0.0936664,0.0954505,0
0.598837,3.05669,0.932517,0.590324,-0.254776,1
0.105416,0.49505,1.20617,2.32091,0,0
0.0586024,0.335513,0.767062,-0.210298,-0.306906,1
0.199776,0.561462,2.21171,-0.643723,0.326991,0
0.583019,2.23491,1.15943,0.507547,-0.177358,0
0.151366,1.00765,2.35301,-0.777049,0,0
0.263562,1.27637,2.68312,-0.634692,-0.375553,0
0.787953,2.61664,1.06128,0.653203,0.542131,1
0.35852,1.10497,2.38968,-0.658228,0.947225,1
0.119333,0.614,0.866222,2.23711,-0.765111,1
0.80124,0.592406,2.04688,-0.555211,0.366525,1
0.0974808,0.434283,0.745893,0,0,1
0.103081,0.575829,0.331359,0.8203,0,1
0.438004,3.13121,-0.521019,0.324204,0.759873,0
0.248545,0.964368,2.08538,1.07109,0,1
3.27338,0.301258,1.16898,-0.222539,-0.0836467,0
2.44097,0.466583,0.249844,-0.07995,0.0705809,0
0.28164,1.0801,2.74399,-0.726049,0,0
0.440769,1.42805,2.16822,-0.607577,0.411931,0
0.825532,0.82383,-0.270638,-0.182128,-0.131064,0
0.301676,0.554505,0.594757,1.21258,-0.873084,1
1.15657,0.855219,1.94108,-0.66835,-0.260943,0
1.21839,1.73011,-0.245517,-0.110345,0.0988506,0
1.03639,2.03797,-0.345728,-0.127373,0.0988924,0
0.838472,0.258584,1.82025,0.768746,0.428521,1
2.66345,-0.253157,-0.117069,0.111302,0.0634451,0
0.987402,2.4,-0.490551,-0.16378,-0.109449,0
0.154483,0.519655,0.484138,-0.534483,0,0
0.560079,1.0753,0.91502,1.74427,1.66917,1
-0.0982634,0.669843,1.58238,-0.831004,-0.386701,1
0.147795,1.15344,1.19929,-0.340035,-0.168959,0
0.364728,1.3556,0.965161,0.580971,0.381067,1
1.01741,1.21453,1.09138,0.409051,0.232811,1
0.0289495,-0.188034,0.382685,0.603253,0,0
0.157174,0.510979,1.16163,-0.406472,0.341588,1
1.29516,2.84946,-0.409677,0.284409,0.382258,0
1.36414,0.808057,1.35545,-0.511058,-0.379937,1
0.578555,2.81126,0.757521,0.495243,0.698637,1
0.595055,2.98352,-0.598901,-0.251648,-0.173626,0
1.97683,1.37623,-0.302874,0.236379,-0.0948091,0
0.989633,2.7749,0.716772,0.833395,-0.223621,0
0.141462,0.34479,0.359624,0.968886,1.85456,0
0.257948,1.1877,2.13497,-0.666857,-0.424139,1
1.8686,0.809627,0.205551,0.152645,0.10451,0
2.71263,0.666225,1.06309,-0.273009,-0.105845,0
0.0869242,0.424963,1.10178,1.91605,0,0
3.08682,-0.303876,0.150388,-0.072093,0.0565891,0
0.287313,0.531983,0.696695,1.8838,0,1
2.57115,-0.234958,0.200483,0.137242,-0.132191,0
0.120075,0.507505,0.883208,-0.697936,0,1
0.317759,0.910921,1.09573,1.98462,0,1
0.383692,0.852426,0.76038,1.24462,0,1
0.800933,2.87403,1.08087,-0.359253,0,0
2.17321,1.24643,-0.184524,0.192262,-0.0714286,0
0.43843,0.442149,1.16405,1.15702,0.813223,0
0.21144,1.32712,2.24293,-0.64653,-0.297237,0
1.66859,1.82177,-0.334297,-0.115607,-0.0944123,0
3.07817,0.337826,0.197664,0.210692,-0.0889488,0
0.560051,2.18963,1.35398,-0.51201,-0.223767,0
1.31121,2.07944,-0.43271,0.200935,-0.252336,0
-0.784297,0.627265,0.47541,-0.182916,-0.184642,0
2.88368,1.03013,0.348954,0.219247,-0.235565,0
1.21429,1.80722,1.98008,-0.398035,-0.160382,1
1.03268,2.48789,-0.491268,0.28,0.606761,0
2.00973,2.21337,-0.518541,0.450456,0.285106,0
0.61264,2.80353,0.670249,0.926913,0.559759,1
0.248541,0.380707,0.718847,0.86852,0.707518,1
0.194741,0.58689,0.560213,1.02134,0,1
0.347541,1.22361,1.64295,0.829508,-0.405902,0
1.50758,1.74924,0.569262,-0.173913,0,0
0.463377,2.10597,-0.409351,-0.187013,-0.0981818,0
0.56204,1.01251,2.07461,-0.383354,0.527998,0
0.455117,2.04688,0.877644,0.321898,0,0
0.148454,0.435298,0.923796,2.22214,-0.722142,0
0.495253,2.46915,-0.707542,-0.27769,-0.147943,1
0.253258,1.76204,1.65156,1.08102,-0.507082,0
0.622715,0.612826,1.41444,0.620018,0.507042,1
0.564271,2.68048,0.946747,0.763379,0.722718,1
0.18693,0.473658,0.547872,0.995947,0,1
-0.0788083,0.719366,1.37194,1.24459,0.818837,1
0.965641,2.28561,-0.293128,-0.149248,-0.116321,0
0.257245,0.595871,1.60064,-0.782453,2.30766,1
0.09387,0.341949,0.560739,-0.223111,-0.459747,0
0.234526,1.17823,2.53717,-0.725039,1.18383,0
0.168199,1.10846,1.70588,-0.48315,-0.201287,0
0.198686,1.06486,0.664204,1.27011,0,1
3.32778,-0.317305,0.134254,0.0945013,0.0552249,0
0.373898,1.21693,1.51764,0.693416,-0.502058,0
0.411017,1.58656,1.40829,0.585048,-0.479116,0
1.141,2.92755,-0.455043,-0.206672,-0.138129,0
0.256229,1.23315,2.04013,-0.547338,-0.291634,1
0.390193,3.13485,-0.58242,0.456442,0.664058,0
1.94423,-0.434103,-0.145293,-0.0792185,-0.0557726,0
0.602512,0.550577,1.51799,0.913781,0.516972,1
1.44038,2.13204,-0.38515,0.249086,0.208851,0
2.0072,1.99712,-0.478386,-0.162824,-0.100865,0
0.2229,0.394885,0.398639,1.20765,1.38573,0
0.337019,2.68197,0.700721,0.317308,0.194471,0
0.140011,0.351488,0.562699,0.552338,1.2221,0
1.44583,2.87292,-0.520833,-0.173958,-0.114583,0
0.0547092,0.205271,0.199933,0.486267,1.35617,0
0.322025,0.697286,0.758351,2.28914,2.12474,1
1.30351,2.43001,0.801683,0.643198,-0.193548,0
1.8983,0.651135,0.157482,0.203404,-0.123852,0
2.05721,0.308469,-0.0768368,0.0706674,-0.0975883,0
-0.141923,0.500763,-0.530848,-1.13996,0,1
2.1636,1.79703,-0.363955,1.02362,-0.273841,0
0.229071,1.11239,1.98997,1.06164,0,0
2.61693,0.96882,0.279139,-0.0868597,-0.0564217,0
3.2256,-0.214286,0.15,-0.075,0.0732143,0
0.173243,0.96242,0.787674,1.05148,-0.379557,0
0.437053,1.42954,2.47711,-0.572961,0.387697,1
0.441643,0.519723,1.07076,2.10492,0,1
0.626324,2.38578,-0.481089,0.320726,-0.136157,0
-0.125348,1.26393,1.45334,0.574513,0,0
2.08902,0.672956,0.148041,0.194485,-0.137881,0
0.919588,1.93211,2.11297,-0.447691,-0.189482,1
0.515237,2.10489,1.59178,-0.564139,0,0
2.0228,1.54283,-0.380423,0.19911,-0.128476,0
0.271491,0.595762,1.63735,1.05558,0,1
0.638923,2.27479,1.74113,-0.417993,-0.247246,0
0.584356,3.10613,-0.421166,0.30184,0.848466,0
1.07756,2.56745,-0.39874,-0.187769,-0.12181,0
0.336876,1.77957,2.34843,-0.638632,-0.285582,0
0.399666,1.33445,1.45708,1.88294,0,1
0.135131,0.491254,0.383528,-0.369971,1.11647,1
3.35912,0.475547,1.09635,-0.264234,-0.0967153,0
0.698856,1.75222,1.24905,-0.341169,0,0
0.114931,0.374836,0.485835,1.74181,0,0
3.55294,-0.280969,0.170069,-0.0756055,0.0624567,0
0.340571,1.52343,-0.518857,0.372571,-0.130286,0
0.40395,0.912608,2.57522,0.830898,-0.294643,0
0.47137,0.782363,0.408113,1.56273,-0.553086,1
0.299045,0.657589,1.63875,0.8508,0.706376,1
0.391866,0.936733,1.28535,1.25565,0.781795,1
0.209711,0.847107,1.96281,-0.940083,-0.732438,0
0.636015,1.2786,-0.572523,-0.331144,-0.268747,1
0.693153,3.10399,-0.387058,0.302634,0.779834,0
1.44349,1.95279,0.699571,0.559371,0,1
1.09246,3.10794,-0.643177,-0.262729,0.162118,0
0.603065,0.722083,1.57038,-0.392086,0.356741,1
1.38624,1.29835,-0.230413,0.10928,0.0951142,0
2.18092,1.5047,0.892239,0.697973,-0.203658,0
0.516052,1.50892,2.19976,0.782996,-0.478002,0
0.368434,1.50024,1.97612,-0.458691,-0.281519,0
0.447312,1.02812,1.95517,-0.763937,-0.405624,0
2.75603,0.265899,0.158443,0.193531,-0.0630482,0
1.29827,2.28431,-0.325415,-0.147436,0.190422,0
0.10204,0.595777,0.60082,0.842257,0.799967,0
1.92043,1.27019,-0.247031,0.11342,-0.0653207,0
0.564565,1.97497,-0.543544,-0.264264,-0.238739,0
1.51739,1.18639,0.444083,0.247686,-0.179885,0
0.332565,1.45295,2.31273,-0.638838,0,0
3.23225,0.906365,0.491432,0.380355,-0.121481,0
0.155717,0.415608,0.695826,2.05626,-0.688203,1
0.632674,0.802289,2.22997,-0.659209,0,1
-0.105631,-0.362969,-0.400512,1.3,0,1
0.293069,1.10594,0.791584,2.26337,-0.623762,1
0.210811,0.537838,0.840541,2.1894,0,0
1.28782,0.722211,0.12303,0.0945752,0.105629,0
2.72289,0.583133,0.284337,-0.0710843,0.0891566,0
1.15612,1.86014,-0.26775,-0.115056,-0.0842601,0
0.652769,1.06133,2.32054,1.54555,-0.40128,1
0.341523,2.17629,-0.339066,0.294226,-0.121622,0
1.5082,1.60496,0.65671,0.800589,0.941944,0
0.882954,1.9425,-0.44279,1.60887,-0.482779,0
0.253637,2.39221,0.689199,1.82792,-0.544306,0
0.780849,1.24986,0.793412,0.383305,0.816025,1
1.03096,0.583724,1.86609,1.53236,-0.671435,1
0.150084,0.932757,2.36298,-0.742201,-0.616779,0
0.136604,0.714084,1.34981,0.972467,-0.630074,1
